USAF,Site Name,State,Latitude,Longitude,TZ,Elev,Class,Pool,Latitude Difference,Longitude Difference,Product
690150,TWENTYNINE PALMS,CA,34.3,-116.167,-8,626,II,12,0.8058,4.2409,3.41731722
690190,ABILENE DYESS AFB,TX,32.433,-99.85,-6,545,II,12,1.0612,12.0761,12.81515732
690230,WHIDBEY ISLAND NAS,WA,48.35,-122.667,-8,10,II,12,14.8558,10.7409,159.5646622
699604,YUMA MCAS,AZ,32.65,-114.617,-7,65,II,12,0.8442,2.6909,2.27165778
700197,SELAWIK,AK,66.6,-160,-9,8,III,11,33.1058,48.0739,1591.524919
700260,BARROW W POST-W ROGERS ARPT [NSA - ARM],AK,71.32,-156.62,-9,10,II,24,37.8258,44.6939,1690.582523
700637,DEADHORSE,AK,70.2,-148.483,-9,23,II,12,36.7058,36.5569,1341.85026
701043,POINT HOPE (AWOS),AK,68.35,-166.8,-9,4,II,12,34.8558,54.8739,1912.673684
701195,SHISHMAREF (AWOS),AK,66.267,-166.05,-9,2,II,12,32.7728,54.1239,1773.79175
701330,KOTZEBUE RALPH WEIN MEMORIAL,AK,66.883,-162.6,-9,3,II,24,33.3888,50.6739,1691.940712
701625,ANAKTUVUK PASS,AK,68.133,-151.733,-9,657,III,11,34.6388,39.8069,1378.863248
701718,AMBLER,AK,67.1,-157.85,-9,88,II,12,33.6058,45.9239,1543.309399
701740,BETTLES FIELD,AK,66.917,-151.517,-9,196,II,24,33.4228,39.5909,1323.238733
701780,TANANA RALPH M CALHOUN MEM AP,AK,65.167,-152.1,-9,71,II,12,31.6728,40.1739,1272.4199
701940,FORT YUKON,AK,66.567,-145.267,-9,136,III,10,33.0728,33.3409,1102.676918
702000,NOME MUNICIPAL ARPT,AK,64.517,-165.45,-9,4,II,24,31.0228,53.5239,1660.461245
702005,SAINT MARY`S (AWOS),AK,62.067,-163.3,-9,95,II,12,28.5728,51.3739,1467.89617
702035,SAVOONGA,AK,63.683,-170.5,-9,17,III,12,30.1888,58.5739,1768.275752
702040,GAMBELL,AK,63.783,-171.75,-9,8,III,10,30.2888,59.8239,1811.994142
702070,UNALAKLEET FIELD,AK,63.883,-160.8,-9,5,III,11,30.3888,48.8739,1485.219172
702075,ANVIK,AK,62.65,-160.183,-9,99,III,10,29.1558,48.2569,1406.968525
702084,EMMONAK,AK,62.783,-164.5,-9,4,II,12,29.2888,52.5739,1539.826442
702185,MEKORYUK,AK,60.367,-166.267,-9,15,II,12,26.8728,54.3409,1460.292138
702186,HOOPER BAY,AK,61.517,-166.15,-9,6,II,12,28.0228,54.2239,1519.505505
702190,BETHEL AIRPORT,AK,60.783,-161.833,-9,38,II,24,27.2888,49.9069,1361.899413
702225,HUSLIA,AK,65.7,-156.383,-9,55,III,10,32.2058,44.4569,1431.77003
702310,MCGRATH ARPT,AK,62.95,-155.6,-9,105,II,24,29.4558,43.6739,1286.449664
702320,ANIAK AIRPORT,AK,61.583,-159.533,-9,26,III,11,28.0888,47.6069,1337.220693
702460,MINCHUMINA,AK,63.883,-152.283,-9,213,II,12,30.3888,40.3569,1226.397763
702495,HAYES RIVER,AK,61.983,-152.083,-9,305,II,12,28.4888,40.1569,1144.021893
702510,TALKEETNA STATE ARPT,AK,62.317,-150.1,-9,105,II,24,28.8228,38.1739,1100.278685
702590,KENAI MUNICIPAL AP,AK,60.583,-151.233,-9,26,II,12,27.0888,39.3069,1064.776753
702595,SOLDOTNA,AK,60.467,-151.033,-9,34,III,12,26.9728,39.1069,1054.822592
702600,NENANA MUNICIPAL AP,AK,64.55,-149.1,-9,109,II,12,31.0558,37.1739,1154.465204
702606,CHULITNA,AK,62.883,-149.833,-9,381,II,12,29.3888,37.9069,1114.038303
702607,HOONAH,AK,58.083,-135.45,-9,6,II,12,24.5888,23.5239,578.4244723
702610,FAIRBANKS INTL ARPT,AK,64.817,-147.85,-9,133,II,24,31.3228,35.9239,1125.237135
702647,HEALY RIVER AIRPORT,AK,63.883,-149.017,-9,396,II,12,30.3888,37.0909,1127.147942
702650,FAIRBANKS/EIELSON A,AK,64.65,-147.1,-9,167,II,12,31.1558,35.1739,1095.870994
702670,BIG DELTA ALLEN AAF,AK,64,-145.717,-9,386,II,24,30.5058,33.7909,1030.818437
702710,GULKANA INTERMEDIATE FIELD,AK,62.15,-145.45,-9,478,II,24,28.6558,33.5239,960.6541736
702720,ANCHORAGE/ELMENDORF,AK,61.25,-149.8,-9,59,II,12,27.7558,37.8739,1051.220394
702725,LAKE HOOD SEAPLANE,AK,61.183,-149.967,-9,22,III,12,27.6888,38.0409,1053.306872
702730,ANCHORAGE INTL AP,AK,61.183,-150,-9,35,II,24,27.6888,38.0739,1054.220602
702735,ANCHORAGE MERRILL FIELD,AK,61.217,-149.85,-9,42,II,12,27.7228,37.9239,1051.356695
702740,PALMER MUNICIPAL,AK,61.6,-149.083,-9,71,II,12,28.1058,37.1569,1044.3244
702746,BIRCHWOOD,AK,61.417,-149.517,-9,30,III,11,27.9228,37.5909,1049.643183
702750,VALDEZ WSO,AK,61.133,-146.35,-9,7,II,12,27.6388,34.4239,951.4352873
702756,VALDEZ PIONEER FIEL,AK,61.133,-146.267,-9,38,II,12,27.6388,34.3409,949.1412669
702757,WHITTIER,AK,60.767,-148.683,-9,9,II,12,27.2728,36.7569,1002.463582
702770,SEWARD,AK,60.117,-149.45,-9,18,II,12,26.6228,37.5239,998.9912849
702910,NORTHWAY AIRPORT,AK,62.967,-141.933,-9,522,II,12,29.4728,30.0069,884.3873623
702960,CORDOVA,AK,60.5,-145.5,-9,12,II,12,27.0058,33.5739,906.6900286
702986,BIG RIVER LAKE,AK,60.817,-152.3,-9,12,II,12,27.3228,40.3739,1103.127995
703080,ST PAUL ISLAND ARPT,AK,57.167,-170.217,-9,7,II,24,23.6728,58.2909,1379.908818
703160,COLD BAY ARPT,AK,55.2,-162.717,-9,29,II,24,21.7058,50.7909,1102.457117
703165,SAND POINT,AK,55.317,-160.517,-9,7,II,12,21.8228,48.5909,1060.389493
703210,DILLINGHAM (AMOS),AK,59.05,-158.517,-9,29,II,12,25.5558,46.5909,1190.667722
703260,KING SALMON ARPT,AK,58.683,-156.65,-9,15,II,24,25.1888,44.7239,1126.541372
703330,PORT HEIDEN,AK,56.95,-158.617,-9,29,II,12,23.4558,46.6909,1095.172412
703400,ILIAMNA ARPT,AK,59.75,-154.917,-9,57,II,12,26.2558,42.9909,1128.760472
703407,SLEETMUTE,AK,61.717,-157.15,-9,54,III,11,28.2228,45.2239,1276.345085
703410,HOMER ARPT,AK,59.65,-151.483,-9,27,II,12,26.1558,39.5569,1034.642365
703430,MIDDLETON ISLAND AUT,AK,59.467,-146.317,-9,14,II,12,25.9728,34.3909,893.2279675
703500,KODIAK AIRPORT,AK,57.75,-152.5,-9,5,II,24,24.2558,40.5739,984.1524036
703606,TOGIAC VILLAGE AWOS,AK,59.05,-160.4,-9,6,II,12,25.5558,48.4739,1238.789294
703610,YAKUTAT STATE ARPT,AK,59.517,-139.633,-9,8,II,24,26.0228,27.7069,721.0111173
703620,SKAGWAY AIRPORT,AK,59.467,-135.3,-9,9,II,12,25.9728,23.3739,607.0856299
703670,GUSTAVUS,AK,58.417,-135.7,-9,12,II,12,24.9228,23.7739,592.5121549
703710,SITKA JAPONSKI AP,AK,57.05,-135.367,-9,4,II,12,23.5558,23.4409,552.1691522
703810,JUNEAU INT'L ARPT,AK,58.35,-134.583,-9,4,II,12,24.8558,22.6569,563.155375
703855,KAKE SEAPLANE BASE,AK,56.967,-133.95,-9,0,II,12,23.4728,22.0239,516.9625999
703860,PETERSBURG,AK,56.8,-132.95,-9,33,II,12,23.3058,21.0239,489.9788086
703870,WRANGELL,AK,56.483,-132.367,-9,13,II,12,22.9888,20.4409,469.9117619
703884,HYDABURG SEAPLANE,AK,55.2,-132.833,-9,0,III,11,21.7058,20.9069,453.80099
703950,KETCHIKAN INTL AP,AK,55.367,-131.717,-9,23,II,12,21.8728,19.7909,432.8823975
703980,ANNETTE ISLAND AP,AK,55.05,-131.567,-9,33,II,24,21.5558,19.6409,423.3753122
704140,SHEMYA AFB,AK,52.717,174.117,-10,31,II,12,19.2228,286.0431,5498.549303
704540,ADAK NAS,AK,51.883,-176.65,-10,5,III,10,18.3888,64.7239,1190.194852
704890,DUTCH HARBOR,AK,53.9,-166.55,-9,4,II,12,20.4058,54.6239,1114.644379
722010,KEY WEST INTL ARPT,FL,24.55,-81.75,-5,1,I,24,8.9442,30.1761,269.9010736
722015,KEY WEST NAS,FL,24.583,-81.683,-5,7,II,12,8.9112,30.2431,269.5023127
722016,MARATHON AIRPORT,FL,24.733,-81.05,-5,2,II,12,8.7612,30.8761,270.5116873
722020,MIAMI INTL AP,FL,25.817,-80.3,-5,11,I,24,7.6772,31.6261,242.7998949
722024,MIAMI/OPA LOCKA,FL,25.9,-80.283,-5,3,II,12,7.5942,31.6431,240.30403
722025,FORT LAUDERDALE HOLLYWOOD INT,FL,26.067,-80.15,-5,3,II,12,7.4272,31.7761,236.0074499
722026,HOMESTEAD AFB,FL,25.483,-80.383,-5,5,II,12,8.0112,31.5431,252.6980827
722029,MIAMI/KENDALL-TAMIA,FL,25.65,-80.433,-5,3,II,12,7.8442,31.4931,247.038175
722030,WEST PALM BEACH INTL ARPT,FL,26.683,-80.1,-5,6,II,24,6.8112,31.8261,216.7739323
722038,NAPLES MUNICIPAL,FL,26.15,-81.767,-5,3,III,10,7.3442,30.1591,221.4944622
722039,FORT LAUDERDALE,FL,26.2,-80.167,-5,4,II,12,7.2942,31.7591,231.6572272
722040,MELBOURNE REGIONAL AP,FL,28.117,-80.65,-5,11,II,12,5.3772,31.2761,168.1778449
722045,VERO BEACH MUNICIPAL ARPT,FL,27.65,-80.417,-5,7,I,12,5.8442,31.5091,184.1454822
722050,ORLANDO INTL ARPT,FL,28.433,-81.333,-5,29,I,12,5.0612,30.5931,154.8377977
722053,ORLANDO EXECUTIVE AP,FL,28.55,-81.333,-5,33,II,12,4.9442,30.5931,151.258405
722055,OCALA MUNI (AWOS),FL,29.167,-82.217,-5,27,II,12,4.3272,29.7091,128.5572175
722056,DAYTONA BEACH INTL AP,FL,29.183,-81.067,-5,9,I,24,4.3112,30.8591,133.0397519
722057,ORLANDO SANFORD AIRPORT,FL,28.783,-81.25,-5,17,II,12,4.7112,30.6761,144.5212423
722060,JACKSONVILLE INTL ARPT,FL,30.5,-81.7,-5,8,I,24,2.9942,30.2261,90.50298862
722065,JACKSONVILLE NAS,FL,30.233,-81.667,-5,9,II,12,3.2612,30.2591,98.68097692
722066,MAYPORT NS,FL,30.4,-81.417,-5,5,II,12,3.0942,30.5091,94.40125722
722068,JACKSONVILLE/CRAIG,FL,30.333,-81.517,-5,12,II,12,3.1612,30.4091,96.12924692
722070,SAVANNAH INTL AP,GA,32.117,-81.2,-5,14,I,24,1.3772,30.7261,42.31598492
722080,CHARLESTON INTL ARPT,SC,32.9,-80.033,-5,12,I,24,0.5942,31.8931,18.95088002
722085,BEAUFORT MCAS,SC,32.483,-80.717,-5,10,II,12,1.0112,31.2091,31.55864192
722103,ST LUCIE CO INTL,FL,27.483,-80.367,-5,7,II,12,6.0112,31.5591,189.7080619
722104,ST PETERSBURG ALBERT WHITTED,FL,27.767,-82.633,-5,2,II,12,5.7272,29.2931,167.7674423
722106,FORT MYERS PAGE FIELD,FL,26.583,-81.867,-5,5,I,12,6.9112,30.0591,207.7444519
722108,SOUTHWEST FLORIDA I,FL,26.533,-81.75,-5,9,II,12,6.9612,30.1761,210.0618673
722110,TAMPA INTERNATIONAL AP,FL,27.967,-82.533,-5,6,I,24,5.5272,29.3931,162.4615423
722115,SARASOTA BRADENTON,FL,27.383,-82.55,-5,10,II,12,6.1112,29.3761,179.5232223
722116,ST PETERSBURG CLEAR,FL,27.9,-82.683,-5,3,II,12,5.5942,29.2431,163.59175
722119,LAKELAND LINDER RGN,FL,27.983,-82.017,-5,43,II,12,5.5112,29.9091,164.8350319
722135,ALMA BACON COUNTY AP,GA,31.533,-82.5,-5,63,II,12,1.9612,29.4261,57.71046732
722136,BRUNSWICK GOLDEN IS,GA,31.25,-81.467,-5,8,II,12,2.2442,30.4591,68.35631222
722137,BRUNSWICK MALCOLM MCKINNON AP,GA,31.15,-81.383,-5,4,II,12,2.3442,30.5431,71.59913502
722140,TALLAHASSEE REGIONAL AP [ISIS],FL,30.38,-84.37,-5,21,I,24,3.1142,27.5561,85.81520662
722146,GAINESVILLE REGIONAL AP,FL,29.7,-82.283,-5,41,I,12,3.7942,29.6431,112.47185
722160,ALBANY DOUGHERTY COUNTY AP,GA,31.533,-84.183,-5,58,II,12,1.9612,27.7431,54.40976772
722166,VALDOSTA WB AIRPORT,GA,30.783,-83.283,-5,61,II,12,2.7112,28.6431,77.65717272
722170,MACON MIDDLE GA REGIONAL AP,GA,32.683,-83.65,-5,108,I,24,0.8112,28.2761,22.93757232
722175,WARNER ROBINS AFB,GA,32.633,-83.6,-5,92,II,12,0.8612,28.3261,24.39443732
722180,AUGUSTA BUSH FIELD,GA,33.367,-81.967,-5,40,I,24,0.1272,29.9591,3.81079752
722190,ATLANTA HARTSFIELD INTL AP,GA,33.633,-84.433,-5,308,I,24,0.1388,27.4931,3.81604228
722195,FULTON CO ARPT BROW,GA,33.767,-84.517,-5,263,II,12,0.2728,27.4091,7.47720248
722196,DEKALB PEACHTREE,GA,33.867,-84.3,-5,313,II,12,0.3728,27.6261,10.29901008
722210,VALPARAISO ELGIN AFB,FL,30.483,-86.517,-6,20,II,12,3.0112,25.4091,76.51188192
722215,CRESTVIEW BOB SIKES AP,FL,30.783,-86.517,-6,58,II,12,2.7112,25.4091,68.88915192
722223,PENSACOLA REGIONAL AP,FL,30.483,-87.183,-6,34,I,12,3.0112,24.7431,74.50642272
722225,PENSACOLA FOREST SHERMAN NAS,FL,30.35,-87.317,-6,10,II,12,3.1442,24.6091,77.37593222
722226,WHITING FIELD NAAS,FL,30.717,-87.017,-6,54,II,12,2.7772,24.9091,69.17755252
722230,MOBILE REGIONAL AP,AL,30.683,-88.25,-6,66,I,24,2.8112,23.6761,66.55825232
722235,MOBILE DOWNTOWN AP,AL,30.633,-88.067,-6,8,II,12,2.8612,23.8591,68.26565692
722245,PANAMA CITY BAY CO,FL,30.2,-85.683,-6,6,II,12,3.2942,26.2431,86.45002002
722250,FORT BENNING LAWSON,GA,32.35,-85,-6,88,II,12,1.1442,26.9261,30.80884362
722255,COLUMBUS METROPOLITAN ARPT,GA,32.517,-84.95,-6,120,I,24,0.9772,26.9761,26.36104492
722260,MONTGOMERY DANNELLY FIELD,AL,32.3,-86.4,-6,62,I,24,1.1942,25.5261,30.48326862
722265,MAXWELL AFB,AL,32.383,-86.35,-6,53,II,12,1.1112,25.5761,28.42016232
722267,TROY AF,AL,31.867,-86.017,-6,120,II,12,1.6272,25.9091,42.15928752
722268,DOTHAN MUNICIPAL AP,AL,31.233,-85.433,-6,98,II,12,2.2612,26.4931,59.90619772
722269,CAIRNS FIELD FORT RUCKER,AL,31.267,-85.717,-6,91,II,12,2.2272,26.2091,58.37290752
722270,MARIETTA DOBBINS AFB,GA,33.917,-84.517,-5,330,II,12,0.4228,27.4091,11.58856748
722280,BIRMINGHAM MUNICIPAL AP,AL,33.567,-86.75,-6,189,I,24,0.0728,25.1761,1.83282008
722284,AUBURN-OPELIKA APT,AL,32.616,-85.433,-6,236,III,12,0.8782,26.4931,23.26624042
722285,GADSEN MUNI (AWOS),AL,33.967,-86.083,-6,173,III,12,0.4728,25.8431,12.21861768
722286,TUSCALOOSA MUNICIPAL AP,AL,33.217,-87.617,-6,51,II,12,0.2772,24.3091,6.73848252
722287,ANNISTON METROPOLITAN AP,AL,33.583,-85.85,-6,186,II,12,0.0888,26.0761,2.31555768
722310,NEW ORLEANS INTL ARPT,LA,30,-90.25,-6,1,I,24,3.4942,21.6761,75.74062862
722314,NEW IBERIA NAAS,LA,30.033,-91.883,-6,8,II,12,3.4612,20.0431,69.37317772
722315,NEW ORLEANS LAKEFRONT AP,LA,30.05,-90.033,-6,3,II,12,3.4442,21.8931,75.40421502
722316,NEW ORLEANS ALVIN CALLENDER F,LA,29.817,-90.017,-6,2,II,12,3.6772,21.9091,80.56414252
722317,BATON ROUGE RYAN ARPT,LA,30.533,-91.15,-6,20,II,24,2.9612,20.7761,61.52218732
722329,PATTERSON MEMORIAL,LA,29.717,-91.333,-6,3,II,12,3.7772,20.5931,77.78425732
722340,MERIDIAN KEY FIELD,MS,32.333,-88.75,-6,90,I,24,1.1612,23.1761,26.91208732
722345,MERIDIAN NAAS,MS,32.55,-88.567,-6,83,II,12,0.9442,23.3591,22.05566222
722348,HATTIESBURG LAUREL,MS,31.467,-89.333,-6,93,II,12,2.0272,22.5931,45.80073232
722350,JACKSON INTERNATIONAL AP,MS,32.317,-90.083,-6,94,I,24,1.1772,21.8431,25.71369732
722356,GREENVILLE MUNICIPAL,MS,33.483,-90.983,-6,42,II,12,0.0112,20.9431,0.23456272
722357,NATCHEZ/HARDY(AWOS),MS,31.617,-91.3,-6,83,II,12,1.8772,20.6261,38.71931492
722358,MCCOMB PIKE COUNTY AP,MS,31.233,-90.467,-6,126,II,12,2.2612,21.4591,48.52331692
722359,GREENWOOD LEFLORE ARPT,MS,33.5,-90.083,-6,47,II,12,0.0058,21.8431,0.12668998
722390,FORT POLK AAF,LA,31.05,-93.183,-6,102,II,12,2.4442,18.7431,45.81188502
722400,LAKE CHARLES REGIONAL ARPT,LA,30.117,-93.233,-6,5,I,24,3.3772,18.6931,63.13033732
722404,LAKE CHARLES WB AIRP,LA,30.217,-93.167,-6,5,III,10,3.2772,18.7591,61.47732252
722405,LAFAYETTE REGIONAL AP,LA,30.2,-91.983,-6,12,II,12,3.2942,19.9431,65.69656002
722406,HOUMA-TERREBONNE,LA,29.567,-90.667,-6,3,II,12,3.9272,21.2591,83.48873752
722410,PORT ARTHUR JEFFERSON COUNTY,TX,29.95,-94.017,-6,5,I,24,3.5442,17.9091,63.47343222
722420,GALVESTON/SCHOLES,TX,29.3,-94.8,-6,16,II,12,4.1942,17.1261,71.83028862
722429,HOUSTON/D.W. HOOKS,TX,30.067,-95.55,-6,46,II,12,3.4272,16.3761,56.12416992
722430,HOUSTON BUSH INTERCONTINENTAL,TX,30,-95.367,-6,29,I,24,3.4942,16.5591,57.86080722
722435,HOUSTON WILLIAM P HOBBY AP,TX,29.65,-95.283,-6,13,II,12,3.8442,16.6431,63.97940502
722436,HOUSTON ELLINGTON AFB [CLEAR LAKE - UT],TX,29.57,-95.09,-6,6,II,12,3.9242,16.8361,66.06822362
722445,COLLEGE STATION EASTERWOOD FL,TX,30.583,-96.367,-6,96,II,12,2.9112,15.5591,45.29565192
722446,LUFKIN ANGELINA CO,TX,31.233,-94.75,-6,86,I,24,2.2612,17.1761,38.83859732
722448,TYLER/POUNDS FLD,TX,32.35,-95.4,-6,166,II,12,1.1442,16.5261,18.90916362
722470,LONGVIEW GREGG COUNTY AP [OVERTON - UT],TX,32.29,-94.98,-6,146,II,12,1.2042,16.9461,20.40649362
722480,SHREVEPORT REGIONAL ARPT,LA,32.45,-93.817,-6,77,I,24,1.0442,18.1091,18.90952222
722484,SHREVEPORT DOWNTOWN,LA,32.533,-93.75,-6,55,III,10,0.9612,18.1761,17.47086732
722485,BARKSDALE AFB,LA,32.5,-93.667,-6,54,II,12,0.9942,18.2591,18.15319722
722486,MONROE REGIONAL AP,LA,32.517,-92.033,-6,40,II,12,0.9772,19.8931,19.43953732
722487,ALEXANDRIA ESLER REGIONAL AP,LA,31.4,-92.3,-6,34,II,12,2.0942,19.6261,41.10097862
722499,NACOGDOCHES (AWOS),TX,31.583,-94.717,-6,108,III,12,1.9112,17.2091,32.89003192
722500,BROWNSVILLE S PADRE ISL INTL,TX,25.9,-97.433,-6,6,I,24,7.5942,14.4931,110.0635
722505,HARLINGEN RIO GRANDE VALLEY I,TX,26.233,-97.65,-6,10,II,12,7.2612,14.2761,103.6616173
722506,MCALLEN MILLER INTL AP [EDINBURG - UT],TX,26.31,-98.17,-6,30,II,12,7.1842,13.7561,98.82657362
722510,CORPUS CHRISTI INTL ARPT [UT],TX,27.88,-97.63,-6,6,I,24,5.6142,14.2961,80.26116462
722515,CORPUS CHRISTI NAS,TX,27.683,-97.283,-6,6,II,12,5.8112,14.6431,85.09398272
722516,KINGSVILLE,TX,27.5,-97.817,-6,17,II,12,5.9942,14.1091,84.57276722
722517,ALICE INTL AP,TX,27.733,-98.033,-6,53,II,12,5.7612,13.8931,80.04092772
722520,LAREDO INTL AP [UT],TX,27.57,-99.49,-6,142,II,12,5.9242,12.4361,73.67394362
722523,SAN ANTONIO/STINSON,TX,29.333,-98.467,-6,176,III,10,4.1612,13.4591,56.00600692
722524,ROCKPORT/ARANSAS CO,TX,28.083,-97.05,-6,8,II,12,5.4112,14.8761,80.49755232
722526,COTULLA FAA AP,TX,28.45,-99.217,-6,141,II,12,5.0442,12.7091,64.10724222
722530,SAN ANTONIO INTL AP,TX,29.533,-98.467,-6,247,I,24,3.9612,13.4591,53.31418692
722533,HONDO MUNICIPAL AP,TX,29.367,-99.167,-6,280,III,10,4.1272,12.7591,52.65935752
722535,SAN ANTONIO KELLY FIELD AFB,TX,29.383,-98.583,-6,208,II,12,4.1112,13.3431,54.85615272
722536,RANDOLPH AFB,TX,29.533,-98.283,-6,232,II,12,3.9612,13.6431,54.04304772
722540,AUSTIN MUELLER MUNICIPAL AP [UT],TX,30.29,-97.74,-6,213,I,12,3.2042,14.1861,45.45510162
722544,CAMP MABRY,TX,30.317,-97.767,-6,198,III,16,3.1772,14.1591,44.98629252
722547,GEORGETOWN (AWOS),TX,30.683,-97.683,-6,240,III,12,2.8112,14.2431,40.04020272
722550,VICTORIA REGIONAL AP,TX,28.867,-96.933,-6,35,I,24,4.6272,14.9931,69.37607232
722555,PALACIOS MUNICIPAL AP,TX,28.717,-96.25,-6,5,II,12,4.7772,15.6761,74.88786492
722560,WACO REGIONAL AP,TX,31.617,-97.233,-6,152,I,24,1.8772,14.6931,27.58188732
722563,MC GREGOR (AWOS),TX,31.483,-97.317,-6,180,III,12,2.0112,14.6091,29.38182192
722570,FORT HOOD,TX,31.133,-97.717,-6,280,II,12,2.3612,14.2091,33.55052692
722575,KILLEEN MUNI (AWOS),TX,31.083,-97.683,-6,258,II,12,2.4112,14.2431,34.34296272
722576,ROBERT GRAY AAF,TX,31.067,-97.833,-6,312,II,12,2.4272,14.0931,34.20677232
722577,DRAUGHON MILLER CEN,TX,31.15,-97.4,-6,213,II,12,2.3442,14.5261,34.05208362
722583,DALLAS LOVE FIELD,TX,32.85,-96.85,-6,134,II,12,0.6442,15.0761,9.71202362
722587,COX FLD,TX,33.633,-95.45,-6,171,III,12,0.1388,16.4761,2.28688268
722588,GREENVILLE/MAJORS,TX,33.067,-96.067,-6,163,II,12,0.4272,15.8591,6.77500752
722590,DALLAS-FORT WORTH INTL AP,TX,32.9,-97.017,-6,171,I,24,0.5942,14.9091,8.85898722
722594,FORT WORTH ALLIANCE,TX,32.983,-97.317,-6,226,II,12,0.5112,14.6091,7.46817192
722595,FORT WORTH NAS,TX,32.767,-97.45,-6,185,II,12,0.7272,14.4761,10.52701992
722596,FORT WORTH MEACHAM,TX,32.817,-97.367,-6,209,II,12,0.6772,14.5591,9.85942252
722597,MINERAL WELLS MUNICIPAL AP,TX,32.783,-98.067,-6,284,II,12,0.7112,13.8591,9.85659192
722598,DALLAS/ADDISON ARPT,TX,32.967,-96.833,-6,196,II,12,0.5272,15.0931,7.95708232
722599,DALLAS/REDBIRD ARPT,TX,32.683,-96.867,-6,201,II,12,0.8112,15.0591,12.21594192
722610,DEL RIO [UT],TX,29.38,-100.91,-6,308,II,12,4.1142,11.0161,45.32243862
722615,DEL RIO LAUGHLIN AFB,TX,29.367,-100.783,-6,327,II,12,4.1272,11.1431,45.98980232
722630,SAN ANGELO MATHIS FIELD,TX,31.35,-100.5,-6,584,I,24,2.1442,11.4261,24.49984362
722636,DALHART MUNICIPAL AP,TX,36.017,-102.55,-6,1216,II,12,2.5228,9.3761,23.65402508
722640,MARFA AP,TX,30.367,-104.017,-6,1473,III,10,3.1272,7.9091,24.73333752
722650,MIDLAND INTERNATIONAL AP,TX,31.95,-102.183,-6,872,I,24,1.5442,9.7431,15.04529502
722656,WINK WINKLER COUNTY AP,TX,31.783,-103.2,-6,856,II,12,1.7112,8.7261,14.93210232
722660,ABILENE REGIONAL AP [UT],TX,32.47,-99.71,-6,530,I,24,1.0242,12.2161,12.51172962
722670,LUBBOCK INTERNATIONAL AP,TX,33.667,-101.817,-6,992,I,24,0.1728,10.1091,1.74685248
722680,ROSWELL INDUSTRIAL AIR PARK,NM,33.3,-104.533,-7,1112,I,12,0.1942,7.3931,1.43574002
722683,SIERRA BLANCA RGNL,NM,33.467,-105.533,-7,2078,III,10,0.0272,6.3931,0.17389232
722686,CLOVIS CANNON AFB,NM,34.383,-103.317,-7,1309,II,12,0.8888,8.6091,7.65176808
722687,CARLSBAD CAVERN CITY AIR TERM,NM,32.333,-104.267,-7,985,II,12,1.1612,7.6591,8.89374692
722689,CLOVIS MUNI  (AWOS),NM,34.433,-103.083,-7,1284,III,12,0.9388,8.8431,8.30190228
722695,LAS CRUCES INTL,NM,32.283,-106.917,-7,1393,II,12,1.2112,5.0091,6.06702192
722700,EL PASO INTERNATIONAL AP [UT],TX,31.77,-106.5,-7,1186,I,24,1.7242,5.4261,9.35568162
722710,TRUTH OR CONSEQUENCES MUNI AP,NM,33.233,-107.267,-7,1478,II,12,0.2612,4.6591,1.21695692
722725,DEMING MUNI,NM,32.25,-107.717,-7,1348,II,12,1.2442,4.2091,5.23696222
722735,DOUGLAS BISBEE-DOUGLAS INTL A,AZ,31.467,-109.6,-7,1249,II,12,2.0272,2.3261,4.71546992
722740,TUCSON INTERNATIONAL AP,AZ,32.133,-110.95,-7,777,I,24,1.3612,0.9761,1.32866732
722745,DAVIS MONTHAN AFB,AZ,32.167,-110.883,-7,809,II,12,1.3272,1.0431,1.38440232
722747,SAFFORD (AMOS),AZ,32.817,-109.683,-7,950,III,10,0.6772,2.2431,1.51902732
722748,CASA GRANDA (AWOS),AZ,32.95,-111.767,-7,446,III,12,0.5442,0.1591,0.08658222
722780,PHOENIX SKY HARBOR INTL AP,AZ,33.45,-111.983,-7,337,I,24,0.0442,0.0569,0.00251498
722784,DEER VALLEY/PHOENIX,AZ,33.683,-112.083,-7,450,II,12,0.1888,0.1569,0.02962272
722785,LUKE AFB,AZ,33.55,-112.367,-7,331,II,12,0.0558,0.4409,0.02460222
722789,SCOTTSDALE MUNI,AZ,33.617,-111.917,-7,460,II,12,0.1228,0.0091,0.00111748
722800,YUMA INTL ARPT,AZ,32.667,-114.6,-7,63,II,12,0.8272,2.6739,2.21185008
722860,MARCH AFB,CA,33.9,-117.25,-8,462,II,12,0.4058,5.3239,2.16043862
722868,PALM SPRINGS INTL,CA,33.833,-116.5,-8,145,II,12,0.3388,4.5739,1.54963732
722869,RIVERSIDE MUNI,CA,33.95,-117.45,-8,256,II,12,0.4558,5.5239,2.51779362
722880,BURBANK-GLENDALE-PASSADENA AP,CA,34.2,-118.35,-8,226,II,12,0.7058,6.4239,4.53398862
722885,SANTA MONICA MUNI,CA,34.017,-118.45,-8,53,II,12,0.5228,6.5239,3.41069492
722886,VAN NUYS AIRPORT,CA,34.217,-118.483,-8,235,II,12,0.7228,6.5569,4.73932732
722895,LOMPOC (AWOS),CA,34.667,-120.467,-8,27,III,12,1.1728,8.5409,10.01676752
722897,SAN LUIS CO RGNL,CA,35.233,-120.633,-8,66,II,12,1.7388,8.7069,15.13955772
722899,CHINO AIRPORT,CA,33.967,-117.633,-8,198,III,11,0.4728,5.7069,2.69822232
722900,SAN DIEGO LINDBERGH FIELD,CA,32.733,-117.167,-8,4,I,24,0.7612,5.2409,3.98937308
722903,SAN DIEGO/MONTGOMER,CA,32.817,-117.133,-8,129,II,12,0.6772,5.2069,3.52611268
722904,CHULA VISTA BROWN FIELD NAAS,CA,32.583,-116.983,-8,159,II,12,0.9112,5.0569,4.60784728
722906,SAN DIEGO NORTH ISLAND NAS,CA,32.7,-117.2,-8,15,II,12,0.7942,5.2739,4.18853138
722926,CAMP PENDLETON MCAS,CA,33.3,-117.35,-8,23,II,12,0.1942,5.4239,1.05332138
722927,CARLSBAD/PALOMAR,CA,33.133,-117.283,-8,100,II,12,0.3612,5.3569,1.93491228
722930,SAN DIEGO MIRAMAR NAS,CA,32.867,-117.133,-8,140,II,12,0.6272,5.2069,3.26576768
722950,LOS ANGELES INTL ARPT,CA,33.933,-118.4,-8,30,I,24,0.4388,6.4739,2.84074732
722956,JACK NORTHROP FLD H,CA,33.917,-118.333,-8,21,II,12,0.4228,6.4069,2.70883732
722970,LONG BEACH DAUGHERTY FLD,CA,33.833,-118.167,-8,8,I,24,0.3388,6.2409,2.11441692
722976,FULLERTON MUNICIPAL,CA,33.867,-117.983,-8,29,II,12,0.3728,6.0569,2.25801232
722977,SANTA ANA JOHN WAYNE AP,CA,33.683,-117.867,-8,16,II,12,0.1888,5.9409,1.12164192
723013,WILMINGTON INTERNATIONAL ARPT,NC,34.267,-77.9,-5,9,I,24,0.7728,34.0261,26.29537008
723030,FAYETTEVILLE POPE AFB,NC,35.167,-79.017,-5,66,II,12,1.6728,32.9091,55.05034248
723035,FAYETTEVILLE RGNL G,NC,34.983,-78.883,-5,59,II,12,1.4888,33.0431,49.19456728
723040,CAPE HATTERAS NWS BLDG,NC,35.267,-75.55,-5,3,I,24,1.7728,36.3761,64.48755008
723046,DARE CO RGNL,NC,35.917,-75.7,-5,4,II,12,2.4228,36.2261,87.76859508
723060,RALEIGH DURHAM INTERNATIONAL,NC,35.867,-78.783,-5,127,I,24,2.3728,33.1431,78.64194768
723065,PITT GREENVILLE ARP,NC,35.633,-77.4,-5,8,III,11,2.1388,34.5261,73.84442268
723066,GOLDSBORO SEYMOUR JOHNSON AFB,NC,35.35,-77.967,-5,33,II,12,1.8558,33.9591,63.02129778
723067,KINSTON STALLINGS AFB,NC,35.317,-77.633,-5,29,II,12,1.8228,34.2931,62.50946268
723068,ROCKY MOUNT WILSON,NC,35.85,-77.9,-5,50,II,12,2.3558,34.0261,80.15868638
723069,JACKSONVILLE (AWOS),NC,34.833,-77.617,-5,29,II,12,1.3388,34.3091,45.93302308
723075,OCEANA NAS,VA,36.817,-76.033,-5,8,II,12,3.3228,35.8931,119.2655927
723080,NORFOLK INTERNATIONAL AP,VA,36.9,-76.2,-5,7,I,24,3.4058,35.7261,121.6759514
723083,FRANKLIN NAAS,VA,36.7,-76.9,-5,12,III,11,3.2058,35.0261,112.2866714
723085,NORFOLK NAS,VA,36.95,-76.283,-5,10,II,12,3.4558,35.6431,123.175425
723086,NEWPORT NEWS,VA,37.133,-76.5,-5,13,II,12,3.6388,35.4261,128.9084927
723090,CHERRY POINT MCAS,NC,34.9,-76.883,-5,11,II,12,1.4058,35.0431,49.26358998
723095,NEW BERN CRAVEN CO REGL AP,NC,35.067,-77.05,-5,5,II,12,1.5728,34.8761,54.85313008
723096,NEW RIVER MCAF,NC,34.7,-77.383,-5,5,II,12,1.2058,34.5431,41.65206998
723100,COLUMBIA METRO ARPT,SC,33.95,-81.117,-5,65,I,24,0.4558,30.8091,14.04278778
723106,FLORENCE REGIONAL AP,SC,34.183,-79.733,-5,44,II,12,0.6888,32.1931,22.17460728
723110,ATHENS BEN EPPS AP,GA,33.95,-83.333,-5,244,I,24,0.4558,28.5931,13.03273498
723119,GREENVILLE DOWNTOWN AP,SC,34.85,-82.35,-5,319,II,12,1.3558,29.5761,40.09927638
723120,GREER GREENV'L-SPARTANBRG AP,SC,34.9,-82.217,-5,292,I,24,1.4058,29.7091,41.76505278
723125,ANDERSON COUNTY AP,SC,34.5,-82.717,-5,232,II,12,1.0058,29.2091,29.37851278
723140,CHARLOTTE DOUGLAS INTL ARPT,NC,35.217,-80.95,-5,222,I,24,1.7228,30.9761,53.36562508
723143,SOUTHERN PINES AWOS,NC,35.233,-79.4,-5,141,III,12,1.7388,32.5261,56.55638268
723145,HICKORY REGIONAL AP,NC,35.733,-81.383,-5,348,II,12,2.2388,30.5431,68.37989228
723150,ASHEVILLE REGIONAL ARPT,NC,35.433,-82.533,-5,652,I,24,1.9388,29.3931,56.98734228
723170,GREENSBORO PIEDMONT TRIAD INT,NC,36.1,-79.95,-5,273,I,24,2.6058,31.9761,83.32332138
723183,BRISTOL TRI CITY AIRPORT,TN,36.467,-82.4,-5,457,I,24,2.9728,29.5261,87.77519008
723193,WINSTON-SALEM REYNOLDS AP,NC,36.133,-80.217,-5,296,II,12,2.6388,31.7091,83.67397308
723200,ROME R B RUSSELL AP,GA,34.35,-85.167,-5,195,III,12,0.8558,26.7591,22.90043778
723230,HUNTSVILLE INTL/JONES FIELD,AL,34.65,-86.783,-6,190,I,24,1.1558,25.1431,29.06039498
723235,MUSCLE SHOALS REGIONAL AP,AL,34.75,-87.6,-6,165,II,12,1.2558,24.3261,30.54871638
723240,CHATTANOOGA LOVELL FIELD AP,TN,35.033,-85.2,-5,204,I,24,1.5388,26.7261,41.12612268
723260,KNOXVILLE MCGHEE TYSON AP,TN,35.817,-83.983,-5,293,I,24,2.3228,27.9431,64.90623268
723265,CROSSVILLE MEMORIAL AP,TN,35.95,-85.083,-6,569,II,12,2.4558,26.8431,65.92128498
723270,NASHVILLE INTERNATIONAL AP,TN,36.117,-86.683,-6,177,I,24,2.6228,25.2431,66.20760268
723300,POPLAR BLUFF(AMOS),MO,36.767,-90.467,-6,146,III,10,3.2728,21.4591,70.23134248
723306,COLUMBUS AFB,MS,33.65,-88.45,-6,68,II,12,0.1558,23.4761,3.65757638
723307,GOLDEN TRI(AWOS),MS,33.45,-88.583,-6,80,II,12,0.0442,23.3431,1.03176502
723320,TUPELO C D LEMONS ARPT,MS,34.267,-88.767,-6,110,II,12,0.7728,23.1591,17.89735248
723340,MEMPHIS INTERNATIONAL AP,TN,35.067,-89.983,-6,81,I,24,1.5728,21.9431,34.51210768
723346,JACKSON MCKELLAR-SIPES REGL A,TN,35.6,-88.917,-6,132,II,12,2.1058,23.0091,48.45256278
723347,DYERSBURG MUNICIPAL AP,TN,36.017,-89.4,-6,103,II,12,2.5228,22.5261,56.82884508
723403,LITTLE ROCK ADAMS FIELD,AR,34.75,-92.233,-6,78,I,24,1.2558,19.6931,24.73059498
723405,LITTLE ROCK AFB,AR,34.917,-92.15,-6,103,II,12,1.4228,19.7761,28.13743508
723406,WALNUT RIDGE (AWOS),AR,36.133,-90.917,-6,83,II,12,2.6388,21.0091,55.43881308
723407,JONESBORO MUNI,AR,35.833,-90.65,-6,82,II,12,2.3388,21.2761,49.76054268
723415,MEMORIAL FLD,AR,34.467,-93.1,-6,169,II,12,0.9728,18.8261,18.31403008
723416,STUTTGART (AWOS),AR,34.6,-91.567,-6,68,II,12,1.1058,20.3591,22.51309278
723417,PINE BLUFF FAA AP,AR,34.167,-91.933,-6,63,II,12,0.6728,19.9931,13.45135768
723418,TEXARKANA WEBB FIELD,AR,33.45,-94,-6,110,II,12,0.0442,17.9261,0.79233362
723419,EL DORADO GOODWIN FIELD,AR,33.217,-92.817,-6,77,II,12,0.2772,19.1091,5.29704252
723434,SPRINGDALE MUNI,AR,36.183,-94.117,-6,412,III,10,2.6888,17.8091,47.88510808
723440,FORT SMITH REGIONAL AP,AR,35.333,-94.367,-6,137,II,24,1.8388,17.5591,32.28767308
723443,SILOAM SPRING(AWOS),AR,36.183,-94.483,-6,364,III,12,2.6888,17.4431,46.90100728
723444,BENTONVILLE (AWOS),AR,36.35,-94.217,-6,395,III,12,2.8558,17.7091,50.57364778
723445,FAYETTEVILLE DRAKE FIELD,AR,36,-94.167,-6,381,II,12,2.5058,17.7591,44.50075278
723446,HARRISON FAA AP,AR,36.267,-93.15,-6,419,II,12,2.7728,18.7761,52.06237008
723447,FLIPPIN (AWOS),AR,36.3,-92.467,-6,350,III,12,2.8058,19.4591,54.59834278
723448,BATESVILLE (AWOS),AR,35.733,-91.65,-6,141,III,12,2.2388,20.2761,45.39413268
723449,ROGERS (AWOS),AR,36.367,-94.1,-6,415,III,12,2.8728,17.8261,51.21082008
723489,CAPE GIRARDEAU MUNICIPAL AP,MO,37.233,-89.567,-6,103,II,12,3.7388,22.3591,83.59620308
723495,JOPLIN MUNICIPAL AP,MO,37.15,-94.5,-6,297,II,12,3.6558,17.4261,63.70633638
723510,WICHITA FALLS MUNICIPAL ARPT,TX,33.983,-98.5,-6,314,II,24,0.4888,13.4261,6.56267768
723520,ALTUS AFB,OK,34.65,-99.267,-6,414,II,12,1.1558,12.6591,14.63138778
723525,HOBART MUNICIPAL AP,OK,35,-99.05,-6,478,II,12,1.5058,12.8761,19.38883138
723526,CLINTON-SHERMAN,OK,35.333,-99.2,-6,586,III,10,1.8388,12.7261,23.40075268
723527,GAGE AIRPORT,OK,36.3,-99.767,-6,668,II,12,2.8058,12.1591,34.11600278
723530,OKLAHOMA CITY WILL ROGERS WOR,OK,35.383,-97.6,-6,398,II,24,1.8888,14.3261,27.05913768
723535,VANCE AFB,OK,36.333,-97.917,-6,408,II,12,2.8388,14.0091,39.76903308
723540,OKLAHOMA CITY TINKER AFB,OK,35.417,-97.383,-6,384,II,12,1.9228,14.5431,27.96347268
723544,OKLAHOMA CITY/WILEY,OK,35.533,-97.65,-6,396,II,12,2.0388,14.2761,29.10611268
723545,STILLWATER RGNL,OK,36.15,-97.083,-6,308,II,12,2.6558,14.8431,39.42030498
723546,PONCA CITY MUNICIPAL AP [SGP - ARM],OK,36.61,-97.49,-6,318,II,12,3.1158,14.4361,44.98000038
723550,FORT SILL POST FIELD AF,OK,34.65,-98.4,-6,369,II,12,1.1558,13.5261,15.63346638
723560,TULSA INTERNATIONAL AIRPORT,OK,36.2,-95.883,-6,198,II,24,2.7058,16.0431,43.40941998
723565,BARTLESVILLE/PHILLI,OK,36.767,-96.017,-6,218,II,12,3.2728,15.9091,52.06730248
723566,MCALESTER MUNICIPAL AP,OK,34.9,-95.783,-6,232,II,12,1.4058,16.1431,22.69396998
723575,LAWTON MUNICIPAL,OK,34.567,-98.417,-6,338,II,12,1.0728,13.5091,14.49256248
723600,CLAYTON MUNICIPAL AIRPARK,NM,36.45,-103.15,-7,1512,II,12,2.9558,8.7761,25.94039638
723604,CHILDRESS MUNICIPAL AP,TX,34.433,-100.283,-6,595,II,12,0.9388,11.6431,10.93054228
723627,GALLUP SEN CLARKE FLD,NM,35.517,-108.783,-7,1971,I,12,2.0228,3.1431,6.35786268
723630,AMARILLO INTERNATIONAL AP [CANYON - UT],TX,34.99,-101.9,-6,1068,II,24,1.4958,10.0261,14.99704038
723650,ALBUQUERQUE INTL ARPT [ISIS],NM,35.04,-106.62,-7,1619,I,24,1.5458,5.3061,8.20216938
723656,SATA FE COUNTY MUNICIPAL AP,NM,35.617,-106.083,-7,1934,II,12,2.1228,5.8431,12.40373268
723658,FARMINGTON FOUR CORNERS REGL,NM,36.75,-108.233,-7,1675,II,12,3.2558,3.6931,12.02399498
723663,TAOS MUNI APT(AWOS),NM,36.45,-105.667,-7,2161,III,12,2.9558,6.2591,18.50064778
723676,TUCUMCARI FAA AP,NM,35.183,-103.6,-7,1235,II,21,1.6888,8.3261,14.06111768
723677,LAS VEGAS MUNICIPAL ARPT,NM,35.65,-105.15,-7,2093,II,12,2.1558,6.7761,14.60791638
723700,KINGMAN (AMOS),AZ,35.267,-113.95,-7,1033,II,12,1.7728,2.0239,3.58796992
723710,PAGE MUNI (AMOS),AZ,36.933,-111.45,-7,1304,III,10,3.4388,0.4761,1.63721268
723723,PRESCOTT LOVE FIELD,AZ,34.65,-112.417,-7,1537,I,24,1.1558,0.4909,0.56738222
723740,WINSLOW MUNICIPAL AP,AZ,35.033,-110.717,-7,1490,II,12,1.5388,1.2091,1.86056308
723747,SHOW LOW MUNICIPAL,AZ,34.267,-110,-7,1954,II,12,0.7728,1.9261,1.48849008
723755,FLAGSTAFF PULLIAM ARPT,AZ,35.133,-111.667,-7,2132,III,22,1.6388,0.2591,0.42461308
723783,GRAND CANYON NATL P,AZ,35.95,-112.15,-7,2065,II,12,2.4558,0.2239,0.54985362
723805,NEEDLES AIRPORT,CA,34.767,-114.617,-8,279,II,12,1.2728,2.6909,3.42497752
723810,EDWARDS AFB,CA,34.9,-117.867,-8,706,II,12,1.4058,5.9409,8.35171722
723815,DAGGETT BARSTOW-DAGGETT AP,CA,34.85,-116.8,-8,586,I,24,1.3558,4.8739,6.60803362
723816,LANCASTER GEN WM FOX FIELD,CA,34.733,-118.217,-8,713,II,12,1.2388,6.2909,7.79316692
723820,PALMDALE AIRPORT,CA,34.633,-118.083,-8,769,II,12,1.1388,6.1569,7.01147772
723830,SANDBERG,CA,34.75,-118.717,-8,1377,III,10,1.2558,6.7909,8.52801222
723840,BAKERSFIELD MEADOWS FIELD,CA,35.433,-119.05,-8,149,I,24,1.9388,7.1239,13.81181732
723860,LAS VEGAS MCCARRAN INTL AP,NV,36.083,-115.15,-8,648,I,24,2.5888,3.2239,8.34603232
723865,NELLIS AFB,NV,36.25,-115.033,-8,573,II,12,2.7558,3.1069,8.56199502
723870,MERCURY DESERT ROCK AP [SURFRAD],NV,36.63,-116.02,-8,935,I,12,3.1358,4.0939,12.83765162
723890,FRESNO YOSEMITE INTL AP,CA,36.783,-119.717,-8,102,I,24,3.2888,7.7909,25.62271192
723895,PORTERVILLE (AWOS),CA,36.033,-119.067,-8,135,III,12,2.5388,7.1409,18.12931692
723896,VISALIA MUNI (AWOS),CA,36.317,-119.4,-8,89,II,12,2.8228,7.4739,21.09732492
723910,POINT MUGU NF,CA,34.117,-119.117,-8,3,II,12,0.6228,7.1909,4.47849252
723925,SANTA BARBARA MUNICIPAL AP,CA,34.433,-119.85,-8,3,I,12,0.9388,7.9239,7.43895732
723926,CAMARILLO (AWOS),CA,34.217,-119.083,-8,23,III,12,0.7228,7.1569,5.17300732
723927,OXNARD AIRPORT,CA,34.2,-119.2,-8,11,II,12,0.7058,7.2739,5.13391862
723940,SANTA MARIA PUBLIC ARPT,CA,34.917,-120.467,-8,77,I,24,1.4228,8.5409,12.15199252
723965,PASO ROBLES MUNICIPAL ARPT,CA,35.667,-120.633,-8,244,II,12,2.1728,8.7069,18.91835232
724010,RICHMOND INTERNATIONAL AP,VA,37.517,-77.317,-5,50,I,24,4.0228,34.6091,139.2254875
724014,DINWIDDIE CO,VA,37.183,-77.517,-5,60,III,12,3.6888,34.4091,126.9282881
724016,CHARLOTTESVILLE FAA,VA,38.133,-78.45,-5,190,II,12,4.6388,33.4761,155.2889327
724017,FARMVILLE,VA,37.35,-78.433,-5,125,III,11,3.8558,33.4931,129.142695
724026,MELFA/ACCOMACK ARPT,VA,37.65,-75.767,-5,15,III,11,4.1558,36.1591,150.2699878
724030,WASHINGTON DC DULLES INT'L AR [STERLING - ISIS],VA,38.98,-77.47,-5,82,I,24,5.4858,34.4561,189.0192734
724033,SHANNON ARPT,VA,38.267,-77.45,-5,26,III,11,4.7728,34.4761,164.5475301
724035,QUANTICO MCAS,VA,38.5,-77.3,-5,4,II,12,5.0058,34.6261,173.3313314
724036,MANASSAS MUNI(AWOS),VA,38.717,-77.517,-5,59,III,12,5.2228,34.4091,179.7118475
724037,DAVISON AAF,VA,38.717,-77.183,-5,27,II,12,5.2228,34.7431,181.4562627
724040,PATUXENT RIVER NAS,MD,38.3,-76.417,-5,14,II,12,4.8058,35.5091,170.6496328
724045,SALISBURY WICOMICO CO AP,MD,38.333,-75.517,-5,15,II,12,4.8388,36.4091,176.1763531
724050,WASHINGTON DC REAGAN AP,VA,38.867,-77.033,-5,3,I,12,5.3728,34.8931,187.4736477
724053,WINCHESTER RGNL,VA,39.15,-78.15,-5,222,III,11,5.6558,33.7761,191.0308664
724055,LEESBURG/GODFREY,VA,39.083,-77.567,-5,119,III,11,5.5888,34.3591,192.0261381
724056,MARION / WYTHEVILLE,VA,36.9,-81.35,-5,780,III,10,3.4058,30.5761,104.1360814
724058,ABINGTON,VA,36.683,-82.033,-5,631,III,10,3.1888,29.8931,95.32311728
724060,BALTIMORE BLT-WASHNGTN INT'L,MD,39.167,-76.683,-5,45,I,24,5.6728,35.2431,199.9270577
724066,HAGERSTOWN RGNL RIC,MD,39.7,-77.733,-5,220,II,12,6.2058,34.1931,212.19554
724070,ATLANTIC CITY INTL AP,NJ,39.45,-74.567,-5,18,I,24,5.9558,37.3591,222.5033278
724075,MILLVILLE MUNICIPAL AP,NJ,39.367,-75.083,-5,21,II,12,5.8728,36.8431,216.3721577
724080,PHILADELPHIA INTERNATIONAL AP,PA,39.867,-75.233,-5,2,I,24,6.3728,36.6931,233.8377877
724084,BELMAR ASC,NJ,40.183,-74.067,-5,26,III,12,6.6888,37.8591,253.2319481
724085,PHILADELPHIA NE PHILADELPHIA,PA,40.083,-75.017,-5,30,II,12,6.5888,36.9091,243.1866781
724086,WILLOW GROVE NAS,PA,40.2,-75.15,-5,102,II,12,6.7058,36.7761,246.6131714
724088,DOVER AFB,DE,39.133,-75.467,-5,7,II,12,5.6388,36.4591,205.5855731
724089,WILMINGTON NEW CASTLE CNTY AP,DE,39.667,-75.6,-5,23,I,24,6.1728,36.3261,224.2337501
724094,CALDWELL/ESSEX CO.,NJ,40.883,-74.283,-5,53,II,12,7.3888,37.6431,278.1373373
724095,TRENTON MERCER COUNTY AP,NJ,40.283,-74.817,-5,65,II,12,6.7888,37.1091,251.9262581
724096,MCGUIRE AFB,NJ,40.017,-74.6,-5,45,II,12,6.5228,37.3261,243.4706851
724100,LYNCHBURG REGIONAL ARPT,VA,37.333,-79.2,-5,286,I,24,3.8388,32.7261,125.6289527
724105,STAUNTON/SHENANDOAH,VA,38.267,-78.9,-5,366,II,12,4.7728,33.0261,157.6269701
724106,DANVILLE FAA AP,VA,36.567,-79.333,-5,176,II,12,3.0728,32.5931,100.1520777
724107,HILLSVILLE,VA,36.767,-80.817,-5,834,III,11,3.2728,31.1091,101.8138625
724110,ROANOKE REGIONAL AP,VA,37.317,-79.967,-5,350,I,24,3.8228,31.9591,122.1732475
724113,VIRGINIA TECH ARPT,VA,37.217,-80.417,-5,650,III,11,3.7228,31.5091,117.3020775
724115,HOT SPRINGS/INGALLS,VA,37.95,-79.833,-5,1156,III,12,4.4558,32.0931,143.000435
724116,PULASKI,VA,37.133,-80.683,-5,642,III,11,3.6388,31.2431,113.6873923
724117,WISE/LONESOME PINE,VA,36.983,-82.533,-5,817,III,11,3.4888,29.3931,102.5466473
724120,BECKLEY RALEIGH CO MEM AP,WV,37.8,-81.117,-5,763,I,12,4.3058,30.8091,132.6578228
724125,BLUEFIELD/MERCER CO [NREL],WV,37.27,-81.24,-5,803,II,12,3.7758,30.6861,115.8645764
724127,LEWISBURG/GREENBRIE,WV,37.867,-80.4,-5,702,II,12,4.3728,31.5261,137.8573301
724140,CHARLESTON YEAGER ARPT,WV,38.383,-81.583,-5,310,I,24,4.8888,30.3431,148.3413473
724170,ELKINS ELKINS-RANDOLPH CO ARP,WV,38.883,-79.85,-5,594,I,24,5.3888,32.0761,172.8516877
724175,HARRISON MARION RGN,WV,39.283,-80.233,-5,380,II,12,5.7888,31.6931,183.4650173
724176,MORGANTOWN HART FIELD,WV,39.65,-79.917,-5,378,II,12,6.1558,32.0091,197.0416178
724177,MARTINSBURG EASTERN WV REG AP,WV,39.4,-77.983,-5,162,II,12,5.9058,33.9431,200.46116
724210,CINCINNATI NORTHERN KY AP,KY,39.05,-84.667,-5,265,I,24,5.5558,27.2591,151.4461078
724220,LEXINGTON BLUEGRASS AP,KY,38.033,-84.6,-5,294,I,24,4.5388,27.3261,124.0277027
724230,LOUISVILLE STANDIFORD FIELD,KY,38.183,-85.733,-5,147,I,24,4.6888,26.1931,122.8142073
724235,LOUISVILLE BOWMAN FIELD,KY,38.233,-85.667,-5,165,II,12,4.7388,26.2591,124.4366231
724236,JACKSON JULIAN CARROLL AP,KY,37.583,-83.317,-5,416,I,12,4.0888,28.6091,116.9768881
724238,HENDERSON CITY,KY,37.817,-87.683,-6,117,III,12,4.3228,24.2431,104.7980727
724240,FORT KNOX GODMAN AAF,KY,37.9,-85.967,-5,239,II,12,4.4058,25.9591,114.3706028
724243,LONDON-CORBIN AP,KY,37.083,-84.083,-5,362,II,12,3.5888,27.8431,99.92331728
724250,HUNTINGTON TRI-STATE ARPT,WV,38.383,-82.55,-5,253,I,24,4.8888,29.3761,143.6138777
724273,PARKERSBURG WOOD COUNTY AP,WV,39.35,-81.433,-5,253,II,12,5.8558,30.4931,178.561495
724275,WHEELING OHIO COUNTY AP,WV,40.183,-80.65,-5,359,II,12,6.6888,31.2761,209.1995777
724280,COLUMBUS PORT COLUMBUS INTL A,OH,39.983,-82.883,-5,247,I,24,6.4888,29.0431,188.4548673
724286,ZANESVILLE MUNICIPAL AP,OH,39.95,-81.9,-5,268,II,12,6.4558,30.0261,193.8424964
724288,OHIO STATE UNIVERSI,OH,40.067,-83.067,-5,283,II,12,6.5728,28.8591,189.6850925
724290,DAYTON INTERNATIONAL AIRPORT,OH,39.9,-84.217,-5,305,I,24,6.4058,27.7091,177.4989528
724297,CINCINNATI MUNICIPAL AP LUNKI,OH,39.1,-84.417,-5,149,II,12,5.6058,27.5091,154.2105128
724320,EVANSVILLE REGIONAL AP,IN,38.05,-87.533,-6,116,I,24,4.5558,24.3931,111.130085
724335,MOUNT VERNON (AWOS),IL,38.317,-88.867,-6,146,II,12,4.8228,23.0591,111.2094275
724336,SOUTHERN ILLINOIS,IL,37.767,-89.25,-6,128,II,12,4.2728,22.6761,96.89044008
724338,BELLEVILLE SCOTT AFB,IL,38.55,-89.85,-6,135,II,12,5.0558,22.0761,111.6123464
724339,MARION REGIONAL,IL,37.75,-89.017,-6,144,II,12,4.2558,22.9091,97.49654778
724340,ST LOUIS LAMBERT INT'L ARPT,MO,38.75,-90.367,-6,173,I,24,5.2558,21.5591,113.3103178
724345,ST LOUIS SPIRIT OF ST LOUIS A,MO,38.65,-90.65,-6,141,I,12,5.1558,21.2761,109.6953164
724350,PADUCAH BARKLEY REGIONAL AP,KY,37.05,-88.767,-6,124,I,12,3.5558,23.1591,82.34912778
724354,SOMERSET(AWOS),KY,38,-84.6,-5,283,III,12,4.5058,27.3261,123.1259414
724365,HUNTINGBURG,IN,38.25,-86.95,-5,161,III,11,4.7558,24.9761,118.7813364
724373,TERRE HAUTE HULMAN REGIONAL A,IN,39.45,-87.3,-5,175,II,12,5.9558,24.6261,146.6681264
724375,MONROE CO,IN,39.133,-86.617,-5,264,II,12,5.6388,25.3091,142.7129531
724380,INDIANAPOLIS INTL AP,IN,39.717,-86.267,-5,241,I,24,6.2228,25.6591,159.6714475
724386,LAFAYETTE PURDUE UNIV AP,IN,40.417,-86.933,-5,183,II,12,6.9228,24.9931,173.0222327
724390,SPRINGFIELD CAPITAL AP,IL,39.85,-89.683,-6,179,I,24,6.3558,22.2431,141.372695
724396,QUINCY MUNI BALDWIN FLD,IL,39.933,-91.2,-6,233,II,12,6.4388,20.7261,133.4512127
724397,CENTRAL ILLINOIS RG,IL,40.467,-88.917,-6,272,II,12,6.9728,23.0091,160.4378525
724400,SPRINGFIELD REGIONAL ARPT,MO,37.233,-93.383,-6,384,I,24,3.7388,18.5431,69.32894228
724450,COLUMBIA REGIONAL AIRPORT,MO,38.817,-92.217,-6,272,I,24,5.3228,19.7091,104.9075975
724454,FARMINGTON,MO,37.767,-90.4,-6,274,III,10,4.2728,21.5261,91.97672008
724455,KIRKSVILLE REGIONAL AP,MO,40.1,-92.55,-6,294,II,12,6.6058,19.3761,127.9946414
724456,VICHY ROLLA NATL ARPT,MO,38.133,-91.767,-6,336,II,12,4.6388,20.1591,93.51403308
724457,FT LNRD WD AAF,MO,37.75,-92.15,-6,351,II,12,4.2558,19.7761,84.16312638
724458,JEFFERSON CITY MEM,MO,38.583,-92.15,-6,167,II,12,5.0888,19.7761,100.6366177
724459,KAISER MEM (AWOS),MO,38.1,-92.55,-6,265,II,12,4.6058,19.3761,89.24244138
724460,KANSAS CITY INT'L ARPT,MO,39.3,-94.717,-6,298,I,24,5.8058,17.2091,99.91259278
724463,KANSAS CITY DOWNTOWN AP,MO,39.117,-94.6,-6,226,II,12,5.6228,17.3261,97.42119508
724467,WHITEMAN AFB,MO,38.717,-93.55,-6,255,II,12,5.2228,18.3761,95.97469508
724468,OLATHE/JOHNSON CO.,KS,38.85,-94.733,-6,334,II,12,5.3558,17.1931,92.08280498
724475,OLATHE JOHNSON CO INDUSTRIAL,KS,38.833,-94.883,-6,331,II,12,5.3388,17.0431,90.98970228
724490,ST JOSEPH ROSECRANS MEMORIAL,MO,39.767,-94.9,-6,247,II,12,6.2728,17.0261,106.8013201
724500,WICHITA MID-CONTINENT AP,KS,37.65,-97.433,-6,402,II,24,4.1558,14.4931,60.23042498
724504,WICHITA/COL. JABARA,KS,37.75,-97.217,-6,433,III,10,4.2558,14.7091,62.59898778
724505,MCCONNELL AFB,KS,37.617,-97.267,-6,414,II,12,4.1228,14.6591,60.43653748
724506,HUTCHINSON MUNICIPAL AP,KS,38.067,-97.867,-6,463,II,12,4.5728,14.0591,64.28945248
724507,CHANUTE MARTIN JOHNSON AP,KS,37.667,-95.483,-6,298,II,12,4.1728,16.4431,68.61376768
724509,NEWTON (AWOS),KS,38.05,-97.283,-6,467,III,12,4.5558,14.6431,66.71103498
724510,DODGE CITY REGIONAL AP,KS,37.767,-99.967,-6,785,II,24,4.2728,11.9591,51.09884248
724515,GARDEN CITY MUNICIPAL AP,KS,37.933,-100.717,-6,878,II,12,4.4388,11.2091,49.75495308
724516,LIBERAL MUNI,KS,37.033,-100.967,-6,901,II,12,3.5388,10.9591,38.78206308
724517,GREAT BEND (AWOS),KS,38.35,-98.867,-6,575,II,12,4.8558,13.0591,63.41237778
724518,HAYS MUNI (AWOS),KS,38.85,-99.267,-6,609,II,12,5.3558,12.6591,67.79960778
724550,FORT RILEY MARSHALL AAF,KS,39.05,-96.767,-6,324,III,10,5.5558,15.1591,84.22092778
724555,MANHATTAN RGNL,KS,39.133,-96.667,-6,330,II,12,5.6388,15.2591,86.04301308
724556,EMPORIA MUNICIPAL AP,KS,38.333,-96.183,-6,368,II,12,4.8388,15.7431,76.17771228
724560,TOPEKA MUNICIPAL AP,KS,39.067,-95.633,-6,269,II,24,5.5728,16.2931,90.79818768
724565,TOPEKA FORBES FIELD,KS,38.95,-95.667,-6,325,II,12,5.4558,16.2591,88.70639778
724580,CONCORDIA BLOSSER MUNI AP,KS,39.55,-97.65,-6,448,II,12,6.0558,14.2761,86.45320638
724585,RUSSELL MUNICIPAL AP,KS,38.883,-98.817,-6,566,I,12,5.3888,13.1091,70.64231808
724586,SALINA MUNICIPAL AP,KS,38.817,-97.667,-6,385,II,12,5.3228,14.2591,75.89833748
724620,ALAMOSA SAN LUIS VALLEY RGNL,CO,37.433,-105.867,-7,2296,II,24,3.9388,6.0591,23.86558308
724625,DURANGO/LA PLATA CO,CO,37.15,-107.75,-7,2038,II,12,3.6558,4.1761,15.26698638
724635,LA JUNTA MUNICIPAL AP,CO,38.05,-103.533,-7,1281,II,12,4.5558,8.3931,38.23728498
724636,LAMAR MUNICIPAL,CO,38.067,-102.683,-7,1129,III,10,4.5728,9.2431,42.26684768
724640,PUEBLO MEMORIAL AP,CO,38.283,-104.5,-7,1428,II,24,4.7888,7.4261,35.56210768
724645,TRINIDAD LAS ANIMAS COUNTY AP,CO,37.267,-104.333,-7,1751,II,12,3.7728,7.5931,28.64724768
724650,GOODLAND RENNER FIELD,KS,39.367,-101.7,-7,1111,II,24,5.8728,10.2261,60.05584008
724655,HILL CITY MUNICIPAL AP,KS,39.383,-99.833,-6,667,II,12,5.8888,12.0931,71.21384728
724660,COLORADO SPRINGS MUNI AP,CO,38.817,-104.717,-7,1872,II,24,5.3228,7.2091,38.37259748
724665,LIMON,CO,39.183,-103.717,-7,1695,I,12,5.6888,8.2091,46.69992808
724666,DENVER/CENTENNIAL [GOLDEN - NREL],CO,39.742,-105.179,-7,1829,II,12,6.2478,6.7471,42.15453138
724673,LEADVILLE/LAKE CO.,CO,39.217,-106.317,-7,3026,II,12,5.7228,5.6091,32.09975748
724675,EAGLE COUNTY AP,CO,39.65,-106.917,-7,1980,II,21,6.1558,5.0091,30.83501778
724676,ASPEN PITKIN CO SAR,CO,39.217,-106.867,-7,2444,II,12,5.7228,5.0591,28.95221748
724677,GUNNISON CO. (AWOS),CO,38.533,-106.933,-7,2339,II,12,5.0388,4.9931,25.15923228
724695,AURORA BUCKLEY FIELD ANGB,CO,39.717,-104.75,-7,1726,II,12,6.2228,7.1761,44.65543508
724698,AKRON WASHINGTON CO AP,CO,40.167,-103.233,-7,1421,II,12,6.6728,8.6931,58.00731768
724699,BROOMFIELD/JEFFCO [BOULDER - SURFRAD],CO,40.13,-105.24,-7,1689,III,12,6.6358,6.6861,44.36762238
724723,BLANDING,UT,37.617,-109.483,-7,1841,II,12,4.1228,2.4431,10.07241268
724735,HANKSVILLE,UT,38.367,-110.717,-7,1313,II,12,4.8728,1.2091,5.89170248
724754,SAINT GEORGE (AWOS),UT,37.083,-113.6,-7,896,II,12,3.5888,1.6739,6.00729232
724755,CEDAR CITY MUNICIPAL AP,UT,37.7,-113.1,-7,1703,I,24,4.2058,1.1739,4.93718862
724756,BRYCE CNYN FAA AP,UT,37.7,-112.15,-7,2312,II,12,4.2058,0.2239,0.94167862
724760,GRAND JUNCTION WALKER FIELD,CO,39.133,-108.533,-7,1475,I,24,5.6388,3.3931,19.13301228
724765,MONTROSE CO. ARPT,CO,38.5,-107.9,-7,1755,II,12,5.0058,4.0261,20.15385138
724767,CORTEZ/MONTEZUMA CO,CO,37.3,-108.633,-7,1803,II,12,3.8058,3.2931,12.53287998
724768,GREELEY/WELD (AWOS),CO,40.433,-104.633,-7,1420,II,12,6.9388,7.2931,50.60536228
724769,FORT COLLINS (AWOS),CO,40.45,-105.017,-7,1529,II,12,6.9558,6.9091,48.05831778
724776,MOAB/CANYONLANDS [UO],UT,38.58,-109.54,-7,1000,III,10,5.0858,2.3861,12.13522738
724795,DELTA,UT,39.333,-112.583,-7,1414,II,12,5.8388,0.6569,3.83550772
724800,BISHOP AIRPORT,CA,37.367,-118.35,-8,1250,II,12,3.8728,6.4239,24.87847992
724815,MERCED/MACREADY FLD,CA,37.283,-120.517,-8,47,II,12,3.7888,8.5909,32.54920192
724830,SACRAMENTO EXECUTIVE ARPT,CA,38.5,-121.5,-8,5,I,24,5.0058,9.5739,47.92502862
724837,BEALE AFB,CA,39.133,-121.433,-8,38,II,12,5.6388,9.5069,53.60750772
724838,YUBA CO,CA,39.1,-121.567,-8,19,II,12,5.6058,9.6409,54.04495722
724839,SACRAMENTO METROPOLITAN AP,CA,38.7,-121.583,-8,7,II,12,5.2058,9.6569,50.27189002
724855,TONOPAH AIRPORT,NV,38.067,-117.083,-8,1655,I,24,4.5728,5.1569,23.58147232
724860,ELY YELLAND FIELD,NV,39.3,-114.85,-8,1909,I,24,5.8058,2.9239,16.97557862
724880,RENO TAHOE INTERNATIONAL AP,NV,39.483,-119.767,-8,1342,I,24,5.9888,7.8409,46.95758192
724885,FALLON NAAS,NV,39.417,-118.717,-8,1199,II,12,5.9228,6.7909,40.22114252
724915,MONTEREY NAF,CA,36.6,-121.867,-8,50,II,12,3.1058,9.9409,30.87444722
724917,SALINAS MUNICIPAL AP,CA,36.667,-121.6,-8,21,II,12,3.1728,9.6739,30.69334992
724920,STOCKTON METROPOLITAN ARPT,CA,37.9,-121.233,-8,7,II,12,4.4058,9.3069,41.00434002
724926,MODESTO CITY-COUNTY AP,CA,37.633,-120.95,-8,30,II,12,4.1388,9.0239,37.34811732
724927,LIVERMORE MUNICIPAL,CA,37.7,-121.817,-8,121,II,12,4.2058,9.8909,41.59914722
724930,OAKLAND METROPOLITAN ARPT,CA,37.717,-122.217,-8,2,II,12,4.2228,10.2909,43.45641252
724935,HAYWARD AIR TERM,CA,37.667,-122.117,-8,14,II,12,4.1728,10.1909,42.52458752
724936,CONCORD CONCORD-BUCHANAN FIEL,CA,38,-122.05,-8,7,II,12,4.5058,10.1239,45.61626862
724940,SAN FRANCISCO INTL AP,CA,37.617,-122.4,-8,2,I,24,4.1228,10.4739,43.18179492
724945,SAN JOSE INTL AP,CA,37.367,-121.933,-8,16,II,12,3.8728,10.0069,38.75472232
724955,NAPA CO. AIRPORT,CA,38.217,-122.283,-8,10,II,12,4.7228,10.3569,48.91356732
724957,SANTA ROSA (AWOS),CA,38.517,-122.817,-8,38,II,12,5.0228,10.8909,54.70281252
725020,NEWARK INTERNATIONAL ARPT,NJ,40.717,-74.183,-5,3,I,24,7.2228,37.7431,272.6108627
725025,TETERBORO AIRPORT,NJ,40.85,-74.067,-5,3,II,12,7.3558,37.8591,278.4839678
725029,OXFORD (AWOS),CT,41.483,-73.133,-5,222,III,12,7.9888,38.7931,309.9103173
725030,NEW YORK LAGUARDIA ARPT,NY,40.783,-73.883,-5,3,I,12,7.2888,38.0431,277.2885473
725033,NEW YORK CENTRAL PRK OBS BELV,NY,40.783,-73.967,-5,40,III,17,7.2888,37.9591,276.6762881
725035,ISLIP LONG ISL MACARTHUR AP,NY,40.783,-73.1,-5,26,I,12,7.2888,38.8261,282.9956777
725036,POUGHKEEPSIE DUTCHESS CO AP,NY,41.633,-73.883,-5,47,II,12,8.1388,38.0431,309.6251823
725037,WHITE PLAINS WESTCHESTER CO A,NY,41.067,-73.717,-5,122,II,12,7.5728,38.2091,289.3498725
725038,STEWART FIELD,NY,41.5,-74.1,-5,177,II,12,8.0058,37.8261,302.8281914
725040,BRIDGEPORT SIKORSKY MEMORIAL,CT,41.183,-73.15,-5,3,I,24,7.6888,38.7761,298.1416777
725045,NEW HAVEN TWEED AIRPORT,CT,41.267,-72.883,-5,2,II,12,7.7728,39.0431,303.4742077
725046,GROTON NEW LONDON AP,CT,41.333,-72.05,-5,3,II,12,7.8388,39.8761,312.5807727
725054,PAWTUCKET (AWOS),RI,41.917,-71.5,-5,134,II,12,8.4228,40.4261,340.5009551
725058,BLOCK ISLAND STATE ARPT,RI,41.167,-71.583,-5,34,II,12,7.6728,40.3431,309.5445377
725060,OTIS ANGB,MA,41.65,-70.517,-5,40,II,12,8.1558,41.4091,337.7243378
725063,NANTUCKET MEMORIAL AP,MA,41.25,-70.067,-5,14,II,12,7.7558,41.8591,324.6508078
725064,PLYMOUTH MUNICIPAL,MA,41.917,-70.733,-5,45,III,11,8.4228,41.1931,346.9612427
725065,NEW BEDFORD RGNL,MA,41.667,-70.95,-5,25,II,12,8.1728,40.9761,334.8894701
725066,MARTHAS VINEYARD,MA,41.4,-70.617,-5,21,II,12,7.9058,41.3091,326.5814828
725067,BARNSTABLE MUNI BOA,MA,41.667,-70.283,-5,17,II,12,8.1728,41.6431,340.3407277
725070,PROVIDENCE T F GREEN STATE AR,RI,41.717,-71.433,-5,16,I,24,8.2228,40.4931,332.9666627
725073,PROVINCETOWN (AWOS),MA,42.067,-70.217,-5,2,II,12,8.5728,41.7091,357.5637725
725075,NORTH ADAMS,MA,42.7,-73.167,-5,201,III,10,9.2058,38.7591,356.8085228
725080,HARTFORD BRADLEY INTL AP,CT,41.933,-72.683,-5,49,I,24,8.4388,39.2431,331.1646723
725086,DANBURY MUNICIPAL,CT,41.367,-73.483,-5,139,II,12,7.8728,38.4431,302.6548377
725087,HARTFORD BRAINARD FD,CT,41.733,-72.65,-5,6,II,12,8.2388,39.2761,323.5879327
725088,BEVERLY MUNI,MA,42.583,-70.917,-5,34,II,12,9.0888,41.0091,372.7235081
725090,BOSTON LOGAN INT'L ARPT,MA,42.367,-71.017,-5,6,I,24,8.8728,40.9091,362.9782625
725095,WORCHESTER REGIONAL ARPT,MA,42.267,-71.883,-5,300,I,24,8.7728,40.0431,351.2901077
725098,NORWOOD MEMORIAL,MA,42.183,-71.183,-5,15,II,12,8.6888,40.7431,354.0086473
725103,READING SPAATZ FIELD,PA,40.367,-75.967,-5,104,II,12,6.8728,35.9591,247.1397025
725115,MIDDLETOWN HARRISBURG INTL AP,PA,40.2,-76.767,-5,92,I,12,6.7058,35.1591,235.7698928
725116,LANCASTER,PA,40.117,-76.3,-5,126,II,12,6.6228,35.6261,235.9445351
725117,WASHINGTON (AWOS),PA,40.133,-80.283,-5,361,II,12,6.6388,31.6431,210.0722123
725118,HARRISBURG CAPITAL CITY ARPT,PA,40.217,-76.85,-5,104,II,24,6.7228,35.0761,235.8096051
725124,BUTLER CO. (AWOS),PA,40.783,-79.95,-5,380,III,12,7.2888,31.9761,233.0673977
725125,DUBOIS FAA AP,PA,41.183,-78.9,-5,553,II,12,7.6888,33.0261,253.9310777
725126,ALTOONA BLAIR CO ARPT,PA,40.3,-78.317,-5,451,II,12,6.8058,33.6091,228.7368128
725127,JOHNSTOWN CAMBRIA COUNTY AP,PA,40.317,-78.833,-5,695,II,12,6.8228,33.0931,225.7876027
725128,STATE COLLEGE [PENN STATE - SURFRAD],PA,40.72,-77.93,-5,376,II,12,7.2258,33.9961,245.6490194
725130,WILKES-BARRE SCRANTON INTL AP,PA,41.333,-75.733,-5,284,I,24,7.8388,36.1931,283.7104723
725140,WILLIAMSPORT REGIONAL AP,PA,41.25,-76.917,-5,158,I,24,7.7558,35.0091,271.5235778
725145,MONTICELLO(AWOS),NY,41.7,-74.8,-5,428,II,12,8.2058,37.1261,304.6493514
725150,BINGHAMTON EDWIN A LINK FIELD,NY,42.2,-75.983,-5,488,I,24,8.7058,35.9431,312.91344
725156,ELMIRA CORNING REGIONAL AP,NY,42.167,-76.9,-5,291,II,12,8.6728,35.0261,303.7743601
725165,RUTLAND STATE,VT,43.517,-72.95,-5,246,II,12,10.0228,38.9761,390.6496551
725170,ALLENTOWN LEHIGH VALLEY INTL,PA,40.65,-75.45,-5,119,I,24,7.1558,36.4761,261.0156764
725180,ALBANY COUNTY AP,NY,42.75,-73.8,-5,84,I,24,9.2558,38.1261,352.8875564
725185,GLENS FALLS AP,NY,43.35,-73.617,-5,98,II,12,9.8558,38.3091,377.5668278
725190,SYRACUSE HANCOCK INT'L ARPT,NY,43.117,-76.1,-5,125,I,24,9.6228,35.8261,344.7473951
725197,UTICA ONEIDA COUNTY AP,NY,43.15,-75.383,-5,217,II,12,9.6558,36.5431,352.852865
725200,PITTSBURGH INTERNATIONAL AP,PA,40.5,-80.233,-5,350,I,24,7.0058,31.6931,222.03552
725205,PITTSBURGH ALLEGHENY CO AP,PA,40.35,-79.917,-5,380,II,12,6.8558,32.0091,219.4479878
725210,AKRON AKRON-CANTON REG AP,OH,40.917,-81.433,-5,368,I,24,7.4228,30.4931,226.3441827
725235,JAMESTOWN (AWOS),NY,42.15,-79.267,-5,525,II,12,8.6558,32.6591,282.6906378
725240,CLEVELAND HOPKINS INTL AP,OH,41.4,-81.85,-5,235,I,24,7.9058,30.0761,237.7756314
725245,BURKE LAKEFRONT,OH,41.517,-81.683,-5,182,II,12,8.0228,30.2431,242.6343427
725246,MANSFIELD LAHM MUNICIPAL ARPT,OH,40.817,-82.517,-5,395,I,24,7.3228,29.4091,215.3569575
725250,YOUNGSTOWN REGIONAL AIRPORT,OH,41.25,-80.667,-5,360,I,24,7.7558,31.2591,242.4393278
725260,ERIE INTERNATIONAL AP,PA,42.083,-80.183,-5,222,I,24,8.5888,31.7431,272.6351373
725266,BRADFORD REGIONAL AP,PA,41.8,-78.633,-5,645,I,24,8.3058,33.2931,276.52583
725267,FRANKLIN,PA,41.383,-79.867,-5,470,II,12,7.8888,32.0591,252.9078281
725280,BUFFALO NIAGARA INTL AP,NY,42.933,-78.733,-5,215,I,24,9.4388,33.1931,313.3030323
725287,NIAGARA FALLS AF,NY,43.1,-78.95,-5,180,II,12,9.6058,32.9761,316.7618214
725290,ROCHESTER GREATER ROCHESTER I,NY,43.117,-77.683,-5,183,I,24,9.6228,34.2431,329.5145027
725300,CHICAGO OHARE INTL AP,IL,41.983,-87.917,-6,201,I,24,8.4888,24.0091,203.8084481
725305,W. CHICAGO/DU PAGE,IL,41.917,-88.25,-6,231,II,12,8.4228,23.6761,199.4190551
725314,CAHOKIA/ST. LOUIS,IL,38.567,-90.15,-6,126,II,12,5.0728,21.7761,110.4658001
725315,UNIV OF ILLINOIS WI [BONDVILLE - SURFRAD],IL,40.06,-88.37,-6,213,II,12,6.5658,23.5561,154.6646414
725316,DECATUR,IL,39.833,-88.867,-6,213,II,12,6.3388,23.0591,146.1670231
725320,PEORIA GREATER PEORIA AP,IL,40.667,-89.683,-6,199,I,24,7.1728,22.2431,159.5453077
725326,STERLING ROCKFALLS,IL,41.75,-89.667,-6,197,II,12,8.2558,22.2591,183.7666778
725330,FORT WAYNE INTL AP,IN,41,-85.2,-5,241,I,24,7.5058,26.7261,200.6007614
725335,GRISSOM ARB,IN,40.65,-86.15,-5,253,II,12,7.1558,25.7761,184.4486164
725336,DELAWARE CO JOHNSON,IN,40.233,-85.4,-5,293,II,12,6.7388,26.5261,178.7540827
725340,CHICAGO MIDWAY AP,IL,41.783,-87.75,-6,186,II,12,8.2888,24.1761,200.3908577
725347,CHICAGO/WAUKEGAN,IL,42.417,-87.867,-6,222,II,12,8.9228,24.0591,214.6745375
725350,SOUTH BEND MICHIANA RGNL AP,IN,41.7,-86.333,-5,236,I,24,8.2058,25.5931,210.01186
725360,TOLEDO EXPRESS AIRPORT,OH,41.583,-83.8,-5,204,I,24,8.0888,28.1261,227.5063977
725366,FINDLAY AIRPORT,OH,41.017,-83.667,-5,244,II,12,7.5228,28.2591,212.5875575
725370,DETROIT METROPOLITAN ARPT,MI,42.217,-83.35,-5,194,I,24,8.7228,28.5761,249.2636051
725374,ANN ARBOR MUNICIPAL,MI,42.217,-83.75,-5,256,II,12,8.7228,28.1761,245.7744851
725375,DETROIT CITY AIRPORT,MI,42.4,-83,-5,190,I,12,8.9058,28.9261,257.6100614
725376,DETROIT WILLOW RUN AP,MI,42.233,-83.533,-5,218,II,12,8.7388,28.3931,248.1216223
725377,MOUNT CLEMENS SELFRIDGE FLD,MI,42.617,-82.833,-5,177,II,12,9.1228,29.0931,265.4105327
725378,HOWELL,MI,42.633,-83.983,-5,293,III,11,9.1388,27.9431,255.3664023
725384,ST.CLAIR COUNTY INT,MI,42.917,-82.533,-5,198,III,11,9.4228,29.3931,276.9653027
725390,LANSING CAPITAL CITY ARPT,MI,42.783,-84.583,-5,256,I,24,9.2888,27.3431,253.9845873
725395,JACKSON REYNOLDS FIELD,MI,42.267,-84.467,-5,304,II,12,8.7728,27.4591,240.8931925
725396,BATTLE CREEK KELLOGG AP,MI,42.3,-85.25,-5,283,II,12,8.8058,26.6761,234.9044014
725430,ROCKFORD GREATER ROCKFORD AP,IL,42.2,-89.1,-6,223,I,24,8.7058,22.8261,198.7194614
725440,MOLINE QUAD CITY INTL AP,IL,41.467,-90.517,-6,180,I,24,7.9728,21.4091,170.6904725
725450,CEDAR RAPIDS MUNICIPAL AP,IA,41.883,-91.717,-6,256,II,12,8.3888,20.2091,169.5300981
725453,ATLANTIC,IA,41.4,-95.05,-6,360,III,10,7.9058,16.8761,133.4190714
725454,WASHINGTON,IA,41.283,-91.667,-6,230,III,10,7.7888,20.2591,157.7940781
725455,BURLINGTON MUNICIPAL AP,IA,40.783,-91.117,-6,211,II,12,7.2888,20.8091,151.6733681
725456,KEOKUK MUNI,IA,40.467,-91.433,-6,205,III,10,6.9728,20.4931,142.8942877
725457,ALGONA,IA,43.083,-94.267,-6,372,III,10,9.5888,17.6591,169.3295781
725460,DES MOINES INTL AP,IA,41.533,-93.667,-6,292,I,24,8.0388,18.2591,146.7812531
725463,CHARLES CITY,IA,43.067,-92.617,-6,343,III,10,9.5728,19.3091,184.8421525
725464,NEWTON MUNI,IA,41.683,-93.017,-6,290,III,10,8.1888,18.9091,154.8428381
725465,OTTUMWA INDUSTRIAL AP,IA,41.1,-92.45,-6,257,II,12,7.6058,19.4761,148.1313214
725467,SHENANDOAH MUNI,IA,40.75,-95.417,-6,296,III,10,7.2558,16.5091,119.7867278
725468,CARROLL,IA,42.05,-94.783,-6,375,III,10,8.5558,17.1431,146.672935
725469,CHARITON,IA,41.033,-93.367,-6,320,III,10,7.5388,18.5591,139.9133431
725470,DUBUQUE REGIONAL AP,IA,42.4,-90.7,-6,322,I,12,8.9058,21.2261,189.0354014
725473,CLINTON MUNI (AWOS),IA,41.833,-90.333,-6,216,II,12,8.3388,21.5931,180.0605423
725474,CRESTON,IA,41.017,-94.367,-6,394,III,10,7.5228,17.5591,132.0935975
725475,MONTICELLO MUNI,IA,42.233,-91.167,-6,259,III,10,8.7388,20.7591,181.4096231
725476,DECORAH,IA,43.283,-91.733,-6,353,III,10,9.7888,20.1931,197.6662173
725477,DENISON,IA,41.983,-95.383,-6,388,III,10,8.4888,16.5431,140.4310673
725478,WEBSTER CITY,IA,42.433,-93.867,-6,342,III,10,8.9388,18.0591,161.4266831
725479,CLARINDA,IA,40.717,-95.033,-6,303,III,10,7.2228,16.8931,122.0154827
725480,WATERLOO MUNICIPAL AP,IA,42.55,-92.4,-6,264,I,24,9.0558,19.5261,176.8244564
725483,FORT MADISON,IA,40.667,-91.333,-6,221,III,10,7.1728,20.5931,147.7101877
725484,LE MARS,IA,42.783,-96.2,-6,365,III,10,9.2888,15.7261,146.0765977
725485,MASON CITY MUNICIPAL ARPT,IA,43.15,-93.333,-6,364,I,24,9.6558,18.5931,179.531255
725486,BOONE MUNI,IA,42.05,-93.85,-6,354,III,10,8.5558,18.0761,154.6554964
725487,MUSCATINE,IA,41.367,-91.15,-6,167,III,10,7.8728,20.7761,163.5660801
725488,OELWEN,IA,42.683,-91.967,-6,328,III,10,9.1888,19.9591,183.4001781
725489,ORANGE CITY,IA,42.983,-96.067,-6,431,III,10,9.4888,15.8591,150.4838281
725490,FORT DODGE (AWOS),IA,42.55,-94.183,-6,355,II,12,9.0558,17.7431,160.677965
725493,KNOXVILLE,IA,41.3,-93.117,-6,283,III,10,7.8058,18.8091,146.8200728
725494,RED OAK,IA,41.017,-95.267,-6,318,III,10,7.5228,16.6591,125.3230775
725495,SHELDON,IA,43.217,-95.833,-6,432,III,10,9.7228,16.0931,156.4699927
725496,STORM LAKE,IA,42.6,-95.233,-6,454,III,10,9.1058,16.6931,152.00403
725497,COUNCIL BLUFFS,IA,41.267,-95.767,-6,382,III,10,7.7728,16.1591,125.6014525
725500,OMAHA EPPLEY AIRFIELD,NE,41.317,-95.9,-6,299,I,12,7.8228,16.0261,125.3689751
725510,LINCOLN MUNICIPAL ARPT,NE,40.833,-96.767,-6,357,II,12,7.3388,15.1591,111.2496031
725515,BEATRICE MUNICIPAL,NE,40.3,-96.75,-6,403,III,11,6.8058,15.1761,103.2855014
725520,GRAND ISLAND CENTRAL NE REGIO,NE,40.967,-98.317,-6,561,II,24,7.4728,13.6091,101.6980825
725524,ORD/SHARP FIELD,NE,41.617,-98.95,-6,631,II,12,8.1228,12.9761,105.4022651
725525,HASTINGS MUNICIPAL,NE,40.6,-98.433,-6,596,II,12,7.1058,13.4931,95.87926998
725526,KEARNEY MUNI (AWOS),NE,40.733,-99,-6,649,II,12,7.2388,12.9261,93.56945268
725527,TEKAMAH (ASOS),NE,41.767,-96.167,-6,312,III,10,8.2728,15.7591,130.3718825
725530,OMAHA WSFO,NE,41.367,-96.017,-6,399,III,13,7.8728,15.9091,125.2491625
725533,FALLS CITY/BRENNER,NE,40.083,-95.6,-6,300,II,12,6.5888,16.3261,107.5694077
725540,BELLEVUE OFFUTT AFB,NE,41.117,-95.917,-6,319,II,12,7.6228,16.0091,122.0341675
725555,BROKEN BOW MUNI,NE,41.433,-99.65,-6,776,II,12,7.9388,12.2761,97.45750268
725556,AINSWORTH MUNICIPAL,NE,42.583,-100,-6,789,II,12,9.0888,11.9261,108.3939377
725560,NORFOLK KARL STEFAN MEM ARPT,NE,41.983,-97.433,-6,472,I,24,8.4888,14.4931,123.0290273
725564,FREMONT MUNI ARPT,NE,41.45,-96.517,-6,379,III,10,7.9558,15.4091,122.5917178
725565,COLUMBUS MUNI,NE,41.45,-97.333,-6,451,II,12,7.9558,14.5931,116.099785
725566,O`NEILL/BAKER FIELD,NE,42.467,-98.683,-6,619,III,12,8.9728,13.2431,118.8276877
725570,SIOUX CITY SIOUX GATEWAY AP,IA,42.383,-96.383,-6,333,I,24,8.8888,15.5431,138.1595073
725610,SIDNEY MUNICIPAL AP,NE,41.1,-102.983,-7,1313,II,12,7.6058,8.9431,68.01942998
725620,NORTH PLATTE REGIONAL AP,NE,41.117,-100.667,-6,847,I,24,7.6228,11.2591,85.82586748
725625,MCCOOK MUNICIPAL,NE,40.2,-100.583,-6,786,II,12,6.7058,11.3431,76.06455998
725626,IMPERIAL FAA AP,NE,40.517,-101.617,-7,998,II,12,7.0228,10.3091,72.39874748
725628,BREWSTER FIELD ARPT,NE,40.45,-99.333,-6,704,III,10,6.9558,12.5931,87.59508498
725635,ALLIANCE MUNICIPAL,NE,42.05,-102.8,-7,1198,II,12,8.5558,9.1261,78.08108638
725636,CHADRON MUNICIPAL AP,NE,42.833,-103.083,-7,1011,II,12,9.3388,8.8431,82.58394228
725640,CHEYENNE MUNICIPAL ARPT,WY,41.15,-104.8,-7,1867,I,24,7.6558,7.1261,54.55599638
725645,LARAMIE GENERAL BREES FIELD,WY,41.317,-105.683,-7,2215,II,12,7.8228,6.2431,48.83852268
725650,DENVER INTL AP,CO,39.833,-104.65,-7,1650,I,12,6.3388,7.2761,46.12174268
725660,SCOTTSBLUFF W B HEILIG FIELD,NE,41.867,-103.6,-7,1202,I,24,8.3728,8.3261,69.71277008
725670,VALENTINE MILLER FIELD,NE,42.867,-100.55,-6,789,I,12,9.3728,11.3761,106.6259101
725690,CASPER NATRONA CO INTL AP,WY,42.9,-106.467,-7,1627,I,24,9.4058,5.4591,51.34720278
725700,CRAIG-MOFFAT,CO,40.5,-107.533,-7,1915,II,12,7.0058,4.3931,30.77717998
725705,VERNAL,UT,40.433,-109.517,-7,1608,II,12,6.9388,2.4091,16.71626308
725715,HAYDEN/YAMPA (AWOS),CO,40.483,-107.217,-7,2012,II,12,6.9888,4.7091,32.91095808
725717,RIFLE/GARFIELD RGNL,CO,39.533,-107.717,-7,1691,III,12,6.0388,4.2091,25.41791308
725720,SALT LAKE CITY INT'L ARPT [ISIS],UT,40.77,-111.97,-7,1288,I,24,7.2758,0.0439,0.31940762
725724,PROVO MUNI (AWOS),UT,40.217,-111.717,-7,1369,II,12,6.7228,0.2091,1.40573748
725744,ROCK SPRINGS ARPT [GREEN RIVER - UO],WY,41.46,-109.44,-7,1000,I,24,7.9658,2.4861,19.80377538
725745,RAWLINS MUNICIPAL AP,WY,41.8,-107.2,-7,2053,II,12,8.3058,4.7261,39.25404138
725750,OGDEN HINKLEY AIRPORT,UT,41.2,-112.017,-7,1362,II,12,7.7058,0.0909,0.70045722
725755,OGDEN HILL AFB,UT,41.117,-111.967,-7,1459,II,12,7.6228,0.0409,0.31177252
725760,LANDER HUNT FIELD,WY,42.817,-108.733,-7,1694,I,24,9.3228,3.1931,29.76863268
725765,RIVERTON MUNICIPL AP,WY,43.05,-108.45,-7,1663,II,12,9.5558,3.4761,33.21691638
725775,EVANSTON/BURNS FLD,WY,41.283,-111.033,-7,2183,II,12,7.7888,0.8931,6.95617728
725776,JACKSON HOLE,WY,43.6,-110.733,-7,2016,II,12,10.1058,1.1931,12.05722998
725780,POCATELLO REGIONAL AP,ID,42.917,-112.567,-7,1353,I,24,9.4228,0.6409,6.03907252
725785,IDAHO FALLS FANNING FIELD,ID,43.517,-112.067,-7,1441,II,12,10.0228,0.1409,1.41221252
725786,MALAD CITY,ID,42.15,-112.283,-7,1362,II,12,8.6558,0.3569,3.08925502
725805,LOVELOCK DERBY FIELD,NV,40.067,-118.55,-8,1189,I,12,6.5728,6.6239,43.53756992
725810,WENDOVER USAF AUXILIARY FIELD,UT,40.717,-114.033,-8,1291,II,12,7.2228,2.1069,15.21771732
725825,ELKO MUNICIPAL ARPT,NV,40.833,-115.8,-8,1548,II,24,7.3388,3.8739,28.42977732
725830,WINNEMUCCA MUNICIPAL ARPT,NV,40.9,-117.8,-8,1310,I,24,7.4058,5.8739,43.50092862
725845,BLUE CANYON AP,CA,39.3,-120.717,-8,1609,II,12,5.8058,8.7909,51.03820722
725846,TRUCKEE-TAHOE,CA,39.317,-120.133,-8,1798,II,12,5.8228,8.2069,47.78713732
725847,SOUTH LAKE TAHOE,CA,38.9,-120,-8,1909,II,12,5.4058,8.0739,43.64588862
725865,HAILEY/FRIEDMAN MEM,ID,43.5,-114.3,-7,1620,II,12,10.0058,2.3739,23.75276862
725866,JOSLIN FLD MAGIC VA [TWIN FALLS - UO],ID,42.55,-114.35,-7,1200,II,12,9.0558,2.4239,21.95035362
725867,BURLEY MUNICIPAL ARPT,ID,42.533,-113.767,-7,1267,II,12,9.0388,1.8409,16.63952692
725868,SODA SPRINGS/TIGERT,ID,42.65,-111.583,-7,1780,II,12,9.1558,0.3431,3.14135498
725895,KLAMATH FALLS INTL AP [UO],OR,42.22,-121.74,-8,1220,II,12,8.7258,9.8139,85.63412862
725905,UKIAH MUNICIPAL AP,CA,39.133,-123.2,-8,189,II,12,5.6388,11.2739,63.57126732
725910,RED BLUFF MUNICIPAL ARPT,CA,40.15,-122.25,-8,106,II,12,6.6558,10.3239,68.71381362
725920,REDDING MUNICIPAL ARPT,CA,40.517,-122.317,-8,153,I,12,7.0228,10.3909,72.97321252
725945,ARCATA AIRPORT,CA,40.983,-124.1,-8,62,I,24,7.4888,12.1739,91.16790232
725946,CRESCENT CITY FAA AI,CA,41.783,-124.233,-8,17,II,12,8.2888,12.3069,102.0094327
725955,MONTAGUE SISKIYOU COUNTY AP,CA,41.783,-122.467,-8,803,II,12,8.2888,10.5409,87.37141192
725958,ALTURAS,CA,41.5,-120.533,-8,1341,II,12,8.0058,8.6069,68.90512002
725970,MEDFORD ROGUE VALLEY INTL AP [ASHLAND - UO],OR,42.19,-122.7,-8,595,I,24,8.6958,10.7739,93.68767962
725975,SEXTON SUMMIT,OR,42.6,-123.367,-8,1168,II,12,9.1058,11.4409,104.1785472
725976,LAKEVIEW (AWOS),OR,42.167,-120.4,-8,1441,II,12,8.6728,8.4739,73.49243992
726050,CONCORD MUNICIPAL ARPT,NH,43.2,-71.5,-5,106,I,24,9.7058,40.4261,392.3676414
726055,PEASE INTL TRADEPOR,NH,43.083,-70.817,-5,31,II,12,9.5888,41.1091,394.1869381
726060,PORTLAND INTL JETPORT,ME,43.65,-70.3,-5,14,I,24,10.1558,41.6261,422.7463464
726064,SANFORD MUNI (AWOS),ME,43.4,-70.717,-5,74,II,12,9.9058,41.2091,408.2091028
726073,WATERVILLE (AWOS),ME,44.533,-69.683,-5,101,II,12,11.0388,42.2431,466.3131323
726077,BAR HARBOR (AWOS),ME,44.45,-68.367,-5,26,II,12,10.9558,43.5591,477.2247878
726079,ROCKLAND/KNOX(AWOS),ME,44.067,-69.1,-5,17,II,12,10.5728,42.8261,452.7917901
726083,NORTHERN AROOSTOOK,ME,47.283,-68.317,-5,309,III,10,13.7888,43.6091,601.3171581
726088,BANGOR INTERNATIONAL AP,ME,44.8,-68.817,-5,56,I,12,11.3058,43.1091,487.3828628
726115,SPRINGFIELD/HARTNES,VT,43.35,-72.517,-5,176,III,10,9.8558,39.4091,388.4082078
726116,LEBANON MUNICIPAL,NH,43.633,-72.3,-5,182,II,12,10.1388,39.6261,401.7611027
726130,MOUNT WASHINGTON,NH,44.267,-71.3,-5,1910,II,12,10.7728,40.6261,437.6568501
726145,MONTPELIER AP,VT,44.2,-72.567,-5,343,II,12,10.7058,39.3591,421.3706528
726155,LACONIA MUNI (AWOS),NH,43.567,-71.417,-5,166,II,12,10.0728,40.5091,408.0400625
726160,BERLIN MUNICIPAL,NH,44.583,-71.183,-5,353,III,10,11.0888,40.7431,451.7920873
726165,DILLANT HOPKINS,NH,42.9,-72.267,-5,153,II,12,9.4058,39.6591,373.0255628
726170,BURLINGTON INTERNATIONAL AP,VT,44.467,-73.15,-5,101,I,24,10.9728,38.7761,425.4823901
726184,AUBURN-LEWISTON,ME,44.05,-70.283,-5,88,II,12,10.5558,41.6431,439.576235
726185,AUGUSTA AIRPORT,ME,44.317,-69.8,-5,107,II,12,10.8228,42.1261,455.9223551
726196,MILLINOCKET MUNICIPAL AP,ME,45.65,-68.683,-5,124,III,12,12.1558,43.2431,525.654475
726223,MASSENA AP,NY,44.933,-74.85,-5,65,I,24,11.4388,37.0761,424.1060927
726227,WATERTOWN AP,NY,44,-76.017,-5,97,II,12,10.5058,35.9091,377.2538228
726228,ADIRONDACK RGNL,NY,44.383,-74.2,-5,520,II,12,10.8888,37.7261,410.7919577
726350,GRAND RAPIDS KENT COUNTY INT',MI,42.883,-85.517,-5,242,I,24,9.3888,26.4091,247.9497581
726355,BENTON HARBOR/ROSS,MI,42.133,-86.433,-5,196,II,12,8.6388,25.4931,220.2297923
726357,KALAMAZOO BATTLE CR,MI,42.233,-85.55,-5,273,II,12,8.7388,26.3761,230.4954627
726360,MUSKEGON COUNTY ARPT,MI,43.167,-86.233,-5,190,I,24,9.6728,25.6931,248.5242177
726370,FLINT BISHOP INTL ARPT,MI,42.967,-83.75,-5,234,I,24,9.4728,28.1761,266.9065601
726375,OAKLAND CO INTL,MI,42.667,-83.417,-5,306,II,12,9.1728,28.5091,261.5082725
726379,SAGINAW TRI CITY INTL AP,MI,43.533,-84.083,-5,201,II,12,10.0388,27.8431,279.5113123
726380,HOUGHTON LAKE ROSCOMMON CO AR,MI,44.367,-84.683,-5,351,I,24,10.8728,27.2431,296.2087777
726384,CADILLAC WEXFORD CO AP,MI,44.283,-85.417,-5,396,III,12,10.7888,26.5091,286.0013781
726385,MANISTEE (AWOS),MI,44.267,-86.25,-5,189,II,12,10.7728,25.6761,276.6034901
726387,TRAVERSE CITY CHERRY CAPITAL,MI,44.733,-85.583,-5,188,I,24,11.2388,26.3431,296.0648323
726390,ALPENA COUNTY REGIONAL AP,MI,45.067,-83.583,-5,210,I,24,11.5728,28.3431,328.0090277
726395,OSCODA WURTSMITH AFB,MI,44.45,-83.4,-5,188,III,10,10.9558,28.5261,312.5262464
726400,MILWAUKEE MITCHELL INTL AP,WI,42.95,-87.9,-6,205,I,24,9.4558,24.0261,227.1859964
726404,MINOCQUA/WOODRUFF,WI,45.933,-89.733,-6,496,II,12,12.4388,22.1931,276.0555323
726410,MADISON DANE CO REGIONAL ARPT [ISIS],WI,43.13,-89.33,-6,262,I,24,9.6358,22.5961,217.7315004
726415,JANESVILLE/ROCK CO.,WI,42.617,-89.033,-6,246,III,10,9.1228,22.8931,208.8491727
726416,LONE ROCK FAA AP,WI,43.2,-90.183,-6,219,II,12,9.7058,21.7431,211.03418
726430,LA CROSSE MUNICIPAL ARPT,WI,43.867,-91.25,-6,198,I,24,10.3728,20.6761,214.4690501
726435,EAU CLAIRE COUNTY AP,WI,44.867,-91.483,-6,271,I,24,11.3728,20.4431,232.4952877
726440,ROCHESTER INTERNATIONAL ARPT,MN,43.9,-92.5,-6,398,I,24,10.4058,19.4261,202.1441114
726450,GREEN BAY AUSTIN STRAUBEL INT,WI,44.483,-88.133,-6,209,I,24,10.9888,23.7931,261.4576173
726455,MANITOWAC MUNI AWOS,WI,44.133,-87.683,-6,198,II,12,10.6388,24.2431,257.9174923
726456,WITTMAN RGNL,WI,43.983,-88.55,-6,253,II,12,10.4888,23.3761,245.1872377
726457,APPLETON/OUTAGAMIE,WI,44.25,-88.517,-6,280,II,12,10.7558,23.4091,251.7835978
726458,STURGEON BAY,WI,44.85,-87.417,-5,221,II,12,11.3558,24.5091,278.3204378
726463,WAUSAU MUNICIPAL ARPT,WI,44.917,-89.633,-6,366,II,12,11.4228,22.2931,254.6496227
726464,WATERTOWN,WI,43.167,-88.717,-6,254,III,10,9.6728,23.2091,224.4969825
726465,MOSINEE/CENTRAL WI,WI,44.783,-89.667,-6,389,II,12,11.2888,22.2591,251.2785281
726467,RICE LAKE MUNICIPAL,WI,45.483,-91.717,-6,347,III,10,11.9888,20.2091,242.2828581
726468,PHILLIPS/PRICE CO.,WI,45.7,-90.4,-6,449,II,12,12.2058,21.5261,262.7432714
726480,ESCANABA (AWOS),MI,45.75,-87.033,-5,187,II,12,12.2558,24.8931,305.084855
726487,MENOMINEE (AWOS),MI,45.133,-87.633,-6,191,II,12,11.6388,24.2931,282.7425323
726498,FAIR FIELD,IA,41.05,-91.983,-6,244,III,10,7.5558,19.9431,150.686075
726499,ESTHERVILLE MUNI,IA,43.4,-94.75,-6,401,II,12,9.9058,17.1761,170.1430114
726500,SPENCER,IA,43.167,-95.15,-6,408,II,12,9.6728,16.7761,162.2718601
726510,SIOUX FALLS FOSS FIELD,SD,43.583,-96.75,-6,433,I,24,10.0888,15.1761,153.1086377
726515,BROOKINGS (AWOS),SD,44.3,-96.817,-6,502,II,12,10.8058,15.1091,163.2659128
726525,CHAN GURNEY MUNI,SD,42.917,-97.383,-6,408,II,12,9.4228,14.5431,137.0367227
726540,HURON REGIONAL ARPT,SD,44.4,-98.217,-6,390,I,24,10.9058,13.7091,149.5087028
726544,ORR,MN,48.017,-92.867,-6,397,III,12,14.5228,19.0591,276.7914975
726545,MITCHELL (AWOS),SD,43.767,-98.033,-6,397,II,12,10.2728,13.8931,142.7210377
726546,WATERTOWN MUNICIPAL AP,SD,44.933,-97.15,-6,532,II,12,11.4388,14.7761,169.0208527
726547,GLENWOOD (ASOS),MN,45.65,-95.317,-6,425,III,10,12.1558,16.6091,201.8968978
726550,ST CLOUD REGIONAL ARPT,MN,45.55,-94.05,-6,311,I,24,12.0558,17.8761,215.5106864
726555,BRAINERD/WIELAND,MN,46.4,-94.133,-6,374,II,12,12.9058,17.7931,229.63419
726556,REDWOOD FALLS MUNI,MN,44.55,-95.083,-6,312,II,12,11.0558,16.8431,186.213945
726557,ALEXANDRIA MUNICIPAL AP,MN,45.883,-95.4,-6,433,II,12,12.3888,16.5261,204.7385477
726558,CLOQUET (AWOS),MN,46.7,-92.5,-6,390,III,12,13.2058,19.4261,256.5371914
726559,MARSHALL/RYAN(AWOS),MN,44.45,-95.817,-6,359,II,12,10.9558,16.1091,176.4880778
726560,FERGUS FALLS(AWOS),MN,46.283,-96.15,-6,361,II,12,12.7888,15.7761,201.7573877
726563,FARIBAULT MUNI AWOS,MN,44.333,-93.317,-6,322,II,12,10.8388,18.6091,201.7003131
726564,RED WING,MN,44.583,-92.483,-6,239,II,12,11.0888,19.4431,215.6006473
726565,MORRIS MUNI (AWOS),MN,45.567,-95.967,-6,344,II,12,12.0728,15.9591,192.6710225
726566,PIPESTONE (AWOS),MN,43.983,-96.317,-6,529,II,12,10.4888,15.6091,163.7207281
726567,NEW ULM MUNI (AWOS),MN,44.317,-94.5,-6,308,II,12,10.8228,17.4261,188.5991951
726568,OWATONNA (AWOS),MN,44.117,-93.25,-6,350,III,12,10.6228,18.6761,198.3924751
726569,HUTCHINSON (AWOS),MN,44.867,-94.383,-6,323,III,12,11.3728,17.5431,199.5141677
726574,MARSHFIELD MUNI,WI,44.633,-90.183,-6,389,III,12,11.1388,21.7431,242.1920423
726575,MINNEAPOLIS/CRYSTAL,MN,45.067,-93.35,-6,265,II,12,11.5728,18.5761,214.9774901
726576,WILLMAR,MN,45.117,-95.083,-6,345,II,12,11.6228,16.8431,195.7639827
726578,LITTLE FALLS (AWOS),MN,45.95,-94.35,-6,342,III,12,12.4558,17.5761,218.9243864
726579,FLYING CLOUD,MN,44.817,-93.45,-6,283,II,12,11.3228,18.4761,209.2011851
726580,MINNEAPOLIS-ST PAUL INT'L ARP,MN,44.883,-93.233,-6,254,I,24,11.3888,18.6931,212.8919773
726583,LITCHFIELD MUNI,MN,45.1,-94.5,-6,347,II,12,11.6058,17.4261,202.2438314
726584,ST PAUL DOWNTOWN AP,MN,44.933,-93.05,-6,220,II,12,11.4388,18.8761,215.9199327
726585,MANKATO(AWOS),MN,44.217,-93.917,-6,311,II,12,10.7228,18.0091,193.1079775
726586,FAIRMONT MUNI(AWOS),MN,43.65,-94.417,-6,354,II,12,10.1558,17.5091,177.8189178
726587,WORTHINGTON (AWOS),MN,43.65,-95.583,-6,480,II,12,10.1558,16.3431,165.977255
726588,WINONA MUNI (AWOS),MN,44.083,-91.7,-6,200,II,12,10.5888,20.2261,214.1701277
726589,ALBERT LEA (AWOS),MN,43.683,-93.367,-6,383,II,12,10.1888,18.5591,189.0949581
726590,ABERDEEN REGIONAL ARPT,SD,45.45,-98.417,-6,398,I,12,11.9558,13.5091,161.5120978
726603,SOUTH ST PAUL MUNI,MN,44.85,-93.15,-6,250,III,10,11.3558,18.7761,213.2176364
726620,RAPID CITY REGIONAL ARPT,SD,44.05,-103.05,-7,963,I,24,10.5558,8.8761,93.69433638
726625,ELLSWORTH AFB,SD,44.15,-103.1,-7,980,II,12,10.6558,8.8261,94.04915638
726626,ANTIGO\LANG(AWOS),WI,45.15,-87.15,-5,464,III,10,11.6558,24.7761,288.7852664
726650,GILLETTE/GILLETTE-C,WY,44.35,-105.533,-7,1230,II,12,10.8558,6.3931,69.40221498
726660,SHERIDAN COUNTY ARPT,WY,44.767,-106.967,-7,1208,I,24,11.2728,4.9591,55.90294248
726665,WORLAND MUNICIPAL,WY,43.967,-107.95,-7,1294,II,12,10.4728,3.9761,41.64090008
726676,GLENDIVE(AWOS),MT,47.133,-104.8,-7,749,II,12,13.6388,7.1261,97.19145268
726685,MOBRIDGE,SD,45.533,-100.433,-7,508,II,12,12.0388,11.4931,138.3631323
726686,PIERRE MUNICIPAL AP,SD,44.383,-100.283,-7,528,I,24,10.8888,11.6431,126.7793873
726700,CODY MUNI (AWOS),WY,44.517,-109.017,-7,1553,II,12,11.0228,2.9091,32.06642748
726770,BILLINGS LOGAN INT'L ARPT,MT,45.8,-108.55,-7,1087,I,24,12.3058,3.3761,41.54561138
726776,LEWISTOWN MUNICIPAL ARPT,MT,47.05,-109.45,-7,1263,II,24,13.5558,2.4761,33.56551638
726785,BUTTE BERT MOONEY ARPT,MT,45.95,-112.5,-7,1689,II,12,12.4558,0.5739,7.14838362
726797,BOZEMAN GALLATIN FIELD,MT,45.8,-111.15,-7,1349,II,12,12.3058,0.7761,9.55053138
726798,LIVINGSTON MISSION FIELD,MT,45.7,-110.45,-7,1418,II,12,12.2058,1.4761,18.01698138
726810,BOISE AIR TERMINAL [UO],ID,43.62,-116.21,-7,701,I,24,10.1258,4.2839,43.37791462
726813,CALDWELL (AWOS),ID,43.633,-116.633,-7,740,III,12,10.1388,4.7069,47.72231772
726815,MOUNTAIN HOME AFB,ID,43.05,-115.867,-7,912,II,12,9.5558,3.9409,37.65845222
726830,BURNS MUNICIPAL ARPT [UO],OR,43.52,-119.02,-8,1271,II,21,10.0258,7.0939,71.12202262
726835,REDMOND ROBERTS FIELD,OR,44.25,-121.167,-8,933,II,24,10.7558,9.2409,99.39327222
726865,SALMON/LEMHI (AWOS),ID,45.117,-113.883,-7,1233,III,12,11.6228,1.9569,22.74465732
726880,PENDLETON E OR REGIONAL AP,OR,45.7,-118.833,-8,452,I,24,12.2058,6.9069,84.30424002
726884,LA GRANDE MUNI AP,OR,45.283,-118,-8,827,II,12,11.7888,6.0739,71.60399232
726886,BAKER MUNICIPAL AP,OR,44.833,-117.817,-8,1027,II,12,11.3388,5.8909,66.79573692
726904,ROSEBURG REGIONAL AP,OR,43.233,-123.35,-8,160,II,12,9.7388,11.4239,111.2550773
726917,NORTH BEND MUNI AIRPORT,OR,43.417,-124.25,-8,2,II,24,9.9228,12.3239,122.2875949
726930,EUGENE MAHLON SWEET ARPT [UO],OR,44.05,-123.07,-8,109,I,24,10.5558,11.1439,117.6327796
726940,SALEM MCNARY FIELD,OR,44.9,-123,-8,60,I,24,11.4058,11.0739,126.3066886
726945,CORVALLIS MUNI,OR,44.483,-123.283,-8,77,II,12,10.9888,11.3569,124.7987027
726959,AURORA STATE,OR,45.25,-122.767,-8,60,III,11,11.7558,10.8409,127.4434522
726980,PORTLAND INTERNATIONAL AP,OR,45.6,-122.617,-8,6,I,24,12.1058,10.6909,129.4218972
726985,PORTLAND/TROUTDALE,OR,45.55,-122.4,-8,11,II,12,12.0558,10.4739,126.2712436
726986,PORTLAND/HILLSBORO,OR,45.533,-122.95,-8,62,II,12,12.0388,11.0239,132.7145273
726988,THE DALLES MUNICIPAL ARPT,WA,45.617,-121.15,-8,73,II,12,12.1228,9.2239,111.8194949
727033,HOULTON INTL ARPT,ME,46.117,-67.8,-5,150,II,12,12.6228,44.1261,556.9949351
727120,CARIBOU MUNICIPAL ARPT,ME,46.867,-68.033,-5,190,I,24,13.3728,43.8931,586.9736477
727130,PRESQUE ISLE MUNICIP,ME,46.683,-68.05,-5,163,II,12,13.1888,43.8761,578.6731077
727135,WISCASSET,ME,43.967,-69.717,-5,21,III,10,10.4728,42.2091,442.0474625
727340,SAULT STE MARIE SANDERSON FIE,MI,46.467,-84.35,-5,219,I,24,12.9728,27.5761,357.7392301
727344,CHIPPEWA CO INTL,MI,46.25,-84.467,-5,250,II,12,12.7558,27.4591,350.2627878
727347,PELLSTON EMMET COUNTY AP,MI,45.567,-84.783,-5,218,II,12,12.0728,27.1431,327.6932177
727415,RHINELANDER ONEIDA,WI,45.633,-89.467,-6,507,II,12,12.1388,22.4591,272.6265231
727437,IRON MOUNTAIN/FORD,MI,45.817,-88.117,-6,360,II,12,12.3228,23.8091,293.3947775
727440,HANCOCK HOUGHTON CO AP,MI,47.167,-88.5,-5,327,II,12,13.6728,23.4261,320.3003801
727444,TWO HARBORS,MN,47.05,-91.75,-6,328,III,12,13.5558,20.1761,273.5031764
727445,IRONWOOD (AWOS),MI,46.533,-90.133,-6,375,II,12,13.0388,21.7931,284.1558723
727450,DULUTH INTERNATIONAL ARPT,MN,46.833,-92.217,-6,433,I,24,13.3388,19.7091,262.8957431
727452,CROOKSTON MUNI FLD,MN,47.85,-96.617,-6,273,III,12,14.3558,15.3091,219.7743778
727453,PARK RAPIDS MUNICIPAL AP,MN,46.9,-95.067,-6,437,II,12,13.4058,16.8591,226.0097228
727455,HIBBING CHISHOLM-HIBBING AP,MN,47.383,-92.85,-6,411,II,12,13.8888,19.0761,264.9441377
727457,DETROIT LAKES(AWOS),MN,46.833,-95.883,-6,426,II,12,13.3388,16.0431,213.9957023
727458,GRAND RAPIDS(AWOS),MN,47.217,-93.517,-6,413,II,12,13.7228,18.4091,252.6243975
727459,ELY MUNI,MN,47.817,-91.833,-6,455,II,12,14.3228,20.0931,287.7894527
727470,INTERNATIONAL FALLS INTL AP,MN,48.567,-93.4,-6,359,I,24,15.0728,18.5261,279.2402001
727473,CRANE LAKE (AWOS),MN,46.267,-92.567,-6,350,II,12,12.7728,19.3591,247.2699125
727474,EVELETH MUNI (AWOS),MN,47.4,-92.5,-6,421,III,12,13.9058,19.4261,270.1354614
727475,MORA MUNI (AWOS),MN,45.883,-93.267,-6,309,II,12,12.3888,18.6591,231.1638581
727476,BAUDETTE INTERNATIONAL AP,MN,48.717,-94.6,-6,330,III,10,15.2228,17.3261,263.7517551
727477,ROSEAU MUNI (AWOS),MN,48.85,-95.7,-6,323,II,12,15.3558,16.2261,249.1647464
727478,HALLOCK,MN,48.783,-96.95,-6,250,III,12,15.2888,14.9761,228.9665977
727503,CAMBRIDGE MUNI,MN,45.567,-93.267,-6,287,III,12,12.0728,18.6591,225.2675825
727504,AITKIN NDB(AWOS),MN,46.55,-93.683,-6,367,III,12,13.0558,18.2431,238.178265
727505,FOSSTON(AWOS),MN,47.583,-95.767,-6,388,III,12,14.0888,16.1591,227.6623281
727507,BENSON MUNI,MN,45.317,-95.65,-6,317,III,11,11.8228,16.2761,192.4290751
727530,FARGO HECTOR INTERNATIONAL AP,ND,46.933,-96.817,-6,274,I,24,13.4388,15.1091,203.0481731
727533,WHEATON NDB (AWOS),MN,45.7,-96.5,-6,313,III,12,12.2058,15.4261,188.2878914
727535,JAMESTOWN MUNICIPAL ARPT,ND,46.917,-98.683,-6,455,II,12,13.4228,13.2431,177.7594827
727550,BEMIDJI MUNICIPAL,MN,47.5,-94.933,-6,420,II,12,14.0058,16.9931,238.00196
727555,THIEF RIVER(AWOS),MN,48.067,-96.183,-6,340,II,12,14.5728,15.7431,229.4210477
727556,SILVER BAY,MN,47.2,-91.4,-6,331,III,12,13.7058,20.5261,281.3266214
727566,AUSTIN MUNI,MN,43.667,-92.933,-6,375,III,12,10.1728,18.9931,193.2130077
727573,DEVILS LAKE(AWOS),ND,48.117,-98.917,-6,443,II,12,14.6228,13.0091,190.2294675
727575,GRAND FORKS AF,ND,47.967,-97.4,-6,276,II,12,14.4728,14.5261,210.2333401
727576,GRAND FORKS INTERNATIONAL AP,ND,47.95,-97.183,-6,256,II,12,14.4558,14.7431,213.123305
727640,BISMARCK MUNICIPAL ARPT [ISIS],ND,46.77,-100.77,-7,502,I,24,13.2758,11.1561,148.1061524
727645,DICKINSON MUNICIPAL AP,ND,46.8,-102.8,-7,788,II,12,13.3058,9.1261,121.4300614
727670,WILLISTON SLOULIN INTL AP,ND,48.2,-103.65,-6,580,I,12,14.7058,8.2761,121.7066714
727675,MINOT AFB,ND,48.417,-101.35,-6,497,II,12,14.9228,10.5761,157.8250251
727676,MINOT FAA AP,ND,48.267,-101.283,-6,523,I,21,14.7728,10.6431,157.2283877
727680,GLASGOW INTL ARPT,MT,48.217,-106.617,-7,699,I,24,14.7228,5.3091,78.16481748
727686,WOLF POINT INTL [FORT PECK - SURFRAD],MT,48.31,-105.1,-7,634,II,12,14.8158,6.8261,101.1341324
727687,SIDNEY-RICHLAND,MT,47.7,-104.2,-7,605,II,12,14.2058,7.7261,109.7554314
727720,HELENA REGIONAL AIRPORT,MT,46.6,-111.967,-7,1167,I,24,13.1058,0.0409,0.53602722
727730,MISSOULA INTERNATIONAL AP,MT,46.917,-114.1,-7,973,I,24,13.4228,2.1739,29.17982492
727750,GREAT FALLS INTL ARPT,MT,47.467,-111.383,-7,1117,I,24,13.9728,0.5431,7.58862768
727770,HAVRE CITY-COUNTY AP,MT,48.55,-109.767,-7,788,II,12,15.0558,2.1591,32.50697778
727790,KALISPELL GLACIER PK INT'L AR,MT,48.317,-114.25,-7,906,I,24,14.8228,2.3239,34.44670492
727796,CUT BANK MUNI AP,MT,48.6,-112.367,-7,1170,II,21,15.1058,0.4409,6.66014722
727810,YAKIMA AIR TERMINAL,WA,46.567,-120.55,-8,324,I,24,13.0728,8.6239,112.7385199
727815,STAMPEDE PASS,WA,47.283,-121.333,-8,1206,II,12,13.7888,9.4069,129.7098627
727825,WENATCHEE/PANGBORN,WA,47.4,-120.2,-8,379,II,12,13.9058,8.2739,115.0551986
727826,EPHRATA AP FCWOS,WA,47.3,-119.517,-8,384,II,12,13.8058,7.5909,104.7984472
727827,MOSES LAKE GRANT COUNTY AP,WA,47.2,-119.317,-8,364,II,12,13.7058,7.3909,101.2981972
727830,LEWISTON NEZ PERCE CNTY AP,ID,46.367,-117.017,-8,438,I,12,12.8728,5.0909,65.53413752
727834,COEUR D`ALENE(AWOS),ID,47.767,-116.817,-8,707,II,12,14.2728,4.8909,69.80683752
727840,HANFORD,WA,46.567,-119.6,-8,223,II,12,13.0728,7.6739,100.3193599
727845,PASCO,WA,46.267,-119.117,-8,136,II,12,12.7728,7.1909,91.84792752
727846,WALLA WALLA CITY COUNTY AP,WA,46.1,-118.283,-8,355,II,12,12.6058,6.3569,80.13381002
727850,SPOKANE INTERNATIONAL AP [CHENEY - UO],WA,47.49,-117.589,-8,777,I,24,13.9958,5.6629,79.25681582
727855,FAIRCHILD AFB,WA,47.633,-117.65,-8,743,II,12,14.1388,5.7239,80.92907732
727856,FELTS FLD,WA,47.683,-117.317,-8,610,II,12,14.1888,5.3909,76.49040192
727857,PULLMAN/MOSCOW RGNL,WA,46.75,-117.117,-8,778,II,12,13.2558,5.1909,68.80953222
727885,WILLIAM R FAIRCHILD,WA,48.117,-123.5,-8,91,III,12,14.6228,11.5739,169.2428249
727910,ASTORIA REGIONAL AIRPORT,OR,46.15,-123.883,-8,3,II,24,12.6558,11.9569,151.324135
727920,OLYMPIA AIRPORT,WA,46.967,-122.9,-8,63,I,24,13.4728,10.9739,147.8491599
727923,HOQUIAM AP,WA,46.983,-123.933,-8,4,II,12,13.4888,12.0069,161.9586727
727924,KELSO WB AP,WA,46.133,-122.9,-8,5,II,12,12.6388,10.9739,138.6969273
727926,TOLEDO-WINLOCK MEM,WA,46.483,-122.8,-8,113,II,12,12.9888,10.8739,141.2389123
727928,BREMERTON NATIONAL,WA,47.483,-122.75,-8,137,II,12,13.9888,10.8239,151.4133723
727930,SEATTLE SEATTLE-TACOMA INTL A,WA,47.467,-122.317,-8,122,I,24,13.9728,10.3909,145.1899675
727934,RENTON MUNI,WA,47.483,-122.217,-8,10,II,12,13.9888,10.2909,143.9573419
727935,SEATTLE BOEING FIELD [ISIS],WA,47.68,-122.25,-8,20,II,12,14.1858,10.3239,146.4527806
727937,SNOHOMISH CO,WA,47.9,-122.283,-8,189,II,12,14.4058,10.3569,149.19943
727938,TACOMA NARROWS,WA,47.267,-122.583,-8,91,II,12,13.7728,10.6569,146.7753523
727970,QUILLAYUTE STATE AIRPORT,WA,47.933,-124.567,-8,55,I,24,14.4388,12.6409,182.5194269
727976,BELLINGHAM INTL AP,WA,48.8,-122.533,-8,45,II,12,15.3058,10.6069,162.34709
742060,TACOMA MCCHORD AFB,WA,47.15,-122.483,-8,88,II,12,13.6558,10.5569,144.162915
742070,GRAY AAF,WA,47.083,-122.583,-8,90,II,12,13.5888,10.6569,144.8144827
742300,MILES CITY MUNICIPAL ARPT,MT,46.433,-105.883,-7,801,II,22,12.9388,6.0431,78.19046228
743700,FORT DRUM/WHEELER-S,NY,44.05,-75.717,-5,211,II,12,10.5558,36.2091,382.2160178
743920,NAVAL AIR STATION,ME,43.9,-69.933,-5,21,II,12,10.4058,41.9931,436.9718
743945,MANCHESTER AIRPORT,NH,42.933,-71.433,-5,69,II,12,9.4388,40.4931,382.2062723
744655,AURORA MUNICIPAL,IL,41.767,-88.467,-6,215,II,12,8.2728,23.4591,194.0724425
744860,NEW YORK J F KENNEDY INT'L AR,NY,40.65,-73.8,-5,5,I,12,7.1558,38.1261,272.8227464
744864,REPUBLIC,NY,40.717,-73.417,-5,26,II,12,7.2228,38.5091,278.1435275
744865,WESTHAMPTON GABRESKI AP,NY,40.85,-72.633,-5,20,II,12,7.3558,39.2931,289.032185
744904,LAWRENCE MUNI,MA,42.717,-71.117,-5,46,II,12,9.2228,40.8091,376.3741675
744910,CHICOPEE FALLS WESTO,MA,42.2,-72.533,-5,75,II,12,8.7058,39.3931,342.94845
744915,WESTFIELD BARNES MUNI AP,MA,42.15,-72.717,-5,83,II,12,8.6558,39.2091,339.3861278
745090,MOUNTAIN VIEW MOFFETT FLD NAS,CA,37.4,-122.05,-8,12,III,10,3.9058,10.1239,39.54192862
745160,TRAVIS FIELD AFB,CA,38.267,-121.933,-8,18,II,12,4.7728,10.0069,47.76093232
745700,DAYTON WRIGHT PATTERSON AFB,OH,39.833,-84.05,-5,250,II,12,6.3388,27.8761,176.7010227
745940,ANDREWS AFB,MD,38.817,-76.867,-5,86,II,12,5.3228,35.0591,186.6125775
745966,CAPE MAY CO,NJ,39,-74.917,-5,7,III,12,5.5058,37.0091,203.7647028
745980,LANGLEY AFB,VA,37.083,-76.35,-5,3,II,12,3.5888,35.5761,127.6755077
745985,MARTINSVILLE,VA,36.633,-80.017,-5,287,III,10,3.1388,31.9091,100.1562831
746120,CHINA LAKE NAF,CA,35.683,-117.683,-8,677,II,12,2.1888,5.7569,12.60070272
746710,FORT CAMPBELL AAF,KY,36.667,-87.483,-6,173,II,12,3.1728,24.4431,77.55306768
746716,BOWLING GREEN WARREN CO AP,KY,36.983,-86.433,-6,161,II,12,3.4888,25.4931,88.94032728
746930,FORT BRAGG SIMMONS AAF,NC,35.133,-78.933,-5,93,II,12,1.6388,32.9931,54.06909228
746943,ELIZABETH CITY COAST GUARD AI [NREL],NC,36.3,-76.25,-5,4,III,10,2.8058,35.6761,100.1000014
747020,LEMOORE REEVES NAS,CA,36.333,-119.95,-8,73,II,12,2.8388,8.0239,22.77824732
747185,IMPERIAL,CA,32.833,-115.583,-8,-17,II,12,0.6612,3.6569,2.41794228
747187,PALM SPRINGS THERMAL AP,CA,33.633,-116.167,-8,-34,II,12,0.1388,4.2409,0.58863692
747188,BLYTHE RIVERSIDE CO ARPT,CA,33.617,-114.717,-8,119,II,12,0.1228,2.7909,0.34272252
747320,HOLLOMAN AFB,NM,32.85,-106.1,-7,1248,II,12,0.6442,5.8261,3.75317362
747540,ENGLAND AFB,LA,31.317,-92.55,-6,27,III,11,2.1772,19.3761,42.18564492
747685,GULFPORT BILOXI INT,MS,30.4,-89.067,-6,9,II,12,3.0942,22.8591,70.73062722
747686,KEESLER AFB,MS,30.417,-88.917,-6,8,II,12,3.0772,23.0091,70.80360252
747750,TYNDALL AFB,FL,30.067,-85.583,-6,7,II,12,3.4272,26.3431,90.28307232
747770,VALPARAISO HURLBURT,FL,30.417,-86.683,-6,12,II,12,3.0772,25.2431,77.67806732
747804,HUNTER AAF,GA,32,-81.15,-5,13,II,12,1.4942,30.7761,45.98564862
747810,MOODY AFB/VALDOSTA,GA,30.967,-83.2,-5,71,II,12,2.5272,28.7261,72.59659992
747880,MACDILL AFB,FL,27.85,-82.517,-5,8,II,12,5.6442,29.4091,165.9908422
747900,SUMTER SHAW AFB,SC,33.967,-80.467,-5,74,II,12,0.4728,31.4591,14.87386248
747910,MYRTLE BEACH AFB,SC,33.683,-78.933,-5,8,II,12,0.1888,32.9931,6.22909728
747915,NORTH MYRTLE BEACH GRAND STRA,SC,33.817,-78.717,-5,10,II,12,0.3228,33.2091,10.71989748
747946,NASA SHUTTLE FCLTY,FL,28.617,-80.717,-5,3,III,12,4.8772,31.2091,152.2130225
785140,AQUADILLA/BORINQUEN,PR,18.5,-67.133,-4,72,II,12,14.9942,44.7931,671.6367
785145,EUGENIO MARIA DE HO,PR,18.25,-67.15,-4,9,II,12,15.2442,44.7761,682.5758236
785203,MERCEDITA,PR,18,-66.55,-4,8,II,12,15.4942,45.3761,703.0663686
785260,SAN JUAN INTL ARPT,PR,18.417,-66,-4,19,II,24,15.0772,45.9261,692.4369949
785263,SAN JUAN L M MARIN INTL AP,PR,18.433,-66,-4,3,III,10,15.0612,45.9261,691.7021773
785350,ROOSEVELT ROADS,PR,18.25,-65.633,-4,12,III,10,15.2442,46.2931,705.701275
785430,CHARLOTTE AMALIE HARRY S TRUM,VI,18.35,-64.967,-4,6,II,12,15.1442,46.9591,711.1580022
911650,LIHUE AIRPORT,HI,21.983,-159.333,-10,31,I,24,11.5112,47.4069,545.7103073
911760,KANEOHE BAY MCAS,HI,21.45,-157.783,-10,3,II,12,12.0442,45.8569,552.309675
911780,BARBERS POINT NAS,HI,21.317,-158.067,-10,15,II,12,12.1772,46.1409,561.8669675
911820,HONOLULU INTL ARPT,HI,21.317,-157.933,-10,2,I,24,12.1772,46.0069,560.2352227
911860,MOLOKAI (AMOS),HI,21.15,-157.1,-10,137,II,12,12.3442,45.1739,557.6356564
911900,KAHULUI AIRPORT,HI,20.9,-156.433,-10,16,I,24,12.5942,44.5069,560.5288
911904,KAPALUA,HI,20.95,-156.633,-10,80,II,12,12.5442,44.7069,560.812295
911905,LANAI,HI,20.783,-156.95,-10,409,II,12,12.7112,45.0239,572.3077977
911975,KONA INTL AT KEAHOL,HI,19.733,-156.05,-10,15,III,10,13.7612,44.1239,607.1978127
912120,GUAM WFO,GU,13.483,144.8,10,77,II,24,20.0112,256.7261,5137.397332
912180,ANDERSEN AFB,GU,13.567,144.917,10,162,II,12,19.9272,256.8431,5118.163822
912850,HILO INTERNATIONAL AP,HI,19.717,-155.05,-10,9,I,24,13.7772,43.1239,594.1265951